注意: p.16: 番号「ア」が並びに合わない（直前は「ウ」）→ 本文として扱った: ア 「Ａ００１」の注12に規定する地域包括診療加算１に係る届
注意: p.16: 番号「イ」が並びに合わない（直前は「ウ」）→ 本文として扱った: イ 以下のいずれも満たすものであること。
注意: p.16: 番号「ウ」が重複している（原本の誤植と思われる）: ウ 「Ｂ００１－２－９」に掲げる地域包括診療料１に係る届出を
注意: p.17: 番号「①」が並びに合わない（直前は「②」）→ 本文として扱った: ① 第 14 の２在宅療養支援病院の１(１)シ①に掲げる過去
注意: p.17: 番号「②」が重複している（原本の誤植と思われる）: ② 第 14 の２在宅療養支援病院の１(１)スに掲げる過去１
注意: p.17: 番号「ア」が並びに合わない（直前は「キ」）→ 本文として扱った: ア 介護保険制度の利用等に関する相談への対応及び要介護認定に
注意: p.17: 番号「イ」が並びに合わない（直前は「キ」）→ 本文として扱った: イ 警察医として協力していること。
注意: p.17: 番号「ウ」が並びに合わない（直前は「キ」）→ 本文として扱った: ウ 母子保健法（昭和40年法律第141号）第12条及び第13
注意: p.17: 番号「エ」が並びに合わない（直前は「キ」）→ 本文として扱った: エ 予防接種法（昭和 23 年法律第 68 号）第５条第１項
注意: p.17: 番号「オ」が並びに合わない（直前は「キ」）→ 本文として扱った: オ 幼稚園の園医、保育所の嘱託医又は小学校、中学校若しくは高
注意: p.17: 番号「カ」が並びに合わない（直前は「キ」）→ 本文として扱った: カ 「地域包括支援センターの設置運営について」（平成18年1
注意: p.17: 番号「キ」が重複している（原本の誤植と思われる）: キ 通いの場や講演会等の市町村が行う一般介護予防事業に協力し
注意: p.18: 番号「ア」が並びに合わない（直前は「キ」）→ 本文として扱った: ア 患者が受診している他の医療機関及び処方されている医薬品を
注意: p.18: 番号「イ」が並びに合わない（直前は「キ」）→ 本文として扱った: イ 専門医師又は専門医療機関への紹介を行うこと。
注意: p.18: 番号「ウ」が並びに合わない（直前は「キ」）→ 本文として扱った: ウ 健康診断の結果等の健康管理に係る相談に応じること。
注意: p.18: 番号「エ」が並びに合わない（直前は「キ」）→ 本文として扱った: エ 保健・福祉サービスに関する相談に応じること。
注意: p.18: 番号「オ」が並びに合わない（直前は「キ」）→ 本文として扱った: オ 診療時間外を含む、緊急時の対応方法等に係る情報提供を行う
注意: p.20: 番号「ア」が並びに合わない（直前は「キ」）→ 本文として扱った: ア オンライン資格確認を行う体制を有していること。
注意: p.20: 番号「イ」が並びに合わない（直前は「キ」）→ 本文として扱った: イ 当該保険医療機関を受診した患者に対し、受診歴、薬剤情報、
注意: p.21: 番号「ア」が並びに合わない（直前は「キ」）→ 本文として扱った: ア 医師等が診療を実施する診察室等において、オンライン資格確
注意: p.21: 番号「イ」が並びに合わない（直前は「キ」）→ 本文として扱った: イ マイナ保険証を促進する等、医療ＤＸを通じて質の高い医療を
注意: p.21: 番号「ウ」が並びに合わない（直前は「キ」）→ 本文として扱った: ウ 電子処方箋の発行及び電子カルテ情報共有サービスなどの医療
注意: p.23: 番号「ア」が並びに合わない（直前は「キ」）→ 本文として扱った: ア 健康相談及び予防接種に係る相談を実施していること。
注意: p.23: 番号「イ」が並びに合わない（直前は「キ」）→ 本文として扱った: イ 当該保険医療機関に通院する患者について、介護支援専門員（
注意: p.23: 番号「ウ」が並びに合わない（直前は「キ」）→ 本文として扱った: ウ 患者の状態に応じ、28日以上の長期の投薬を行うこと又はリ
注意: p.24: 番号「ア」が並びに合わない（直前は「キ」）→ 本文として扱った: ア 当該保険医療機関の敷地内が禁煙であること。
注意: p.24: 番号「イ」が並びに合わない（直前は「キ」）→ 本文として扱った: イ 保険医療機関が建造物の一部分を用いて開設されている場合は
注意: p.24: 番号「ア」が並びに合わない（直前は「キ」）→ 本文として扱った: ア 介護保険法（平成９年法律第123号）第46条第１項に規定
注意: p.24: 番号「イ」が並びに合わない（直前は「キ」）→ 本文として扱った: イ 介護保険法第８条第６項に規定する居宅療養管理指導又は同条
注意: p.24: 番号「ウ」が並びに合わない（直前は「キ」）→ 本文として扱った: ウ 当該保険医療機関において、同一敷地内に介護サービス事業所
注意: p.24: 番号「エ」が並びに合わない（直前は「キ」）→ 本文として扱った: エ 担当医が「地域包括支援センターの設置運営について」（平成
注意: p.24: 番号「オ」が並びに合わない（直前は「キ」）→ 本文として扱った: オ 介護保険によるリハビリテーション（介護保険法第８条第５項
注意: p.24: 番号「カ」が並びに合わない（直前は「キ」）→ 本文として扱った: カ 担当医が、介護保険法第14条に規定する介護認定審査会の委
注意: p.24: 番号「キ」が重複している（原本の誤植と思われる）: キ 担当医が、都道府県等が実施する主治医意見書に関する研修会
注意: p.24: 番号「ア」が並びに合わない（直前は「ケ」）→ 本文として扱った: ア 時間外対応加算１、２、３又は４の届出を行っていること。
注意: p.24: 番号「イ」が並びに合わない（直前は「ケ」）→ 本文として扱った: イ 常勤換算２名以上の医師が配置されており、うち１名以上が常
注意: p.24: 番号「ウ」が並びに合わない（直前は「ケ」）→ 本文として扱った: ウ 在宅療養支援診療所であること。
注意: p.24: 番号「ア」が並びに合わない（直前は「ケ」）→ 本文として扱った: ア 担当医が、指定居宅介護支援等の事業の人員及び運営に関する
注意: p.24: 番号「イ」が並びに合わない（直前は「ケ」）→ 本文として扱った: イ 担当医が、「地域包括支援センターの設置運営について」（平
注意: p.24: 番号「ウ」が並びに合わない（直前は「ケ」）→ 本文として扱った: ウ 保険医療機関において、介護支援専門員と対面あるいはＩＣＴ
注意: p.25: 番号「ア」が並びに合わない（直前は「ケ」）→ 本文として扱った: ア 直近１年間に、当該保険医療機関での継続的な外来診療を経て
注意: p.25: 番号「イ」が並びに合わない（直前は「ケ」）→ 本文として扱った: イ 直近１か月に初診、再診、往診又は訪問診療を実施した患者の
注意: p.28: 番号「ア」が並びに合わない（直前は「ケ」）→ 本文として扱った: ア 歯科医療を担当する保険医療機関（歯科点数表の地域歯科診療
注意: p.28: 番号「イ」が並びに合わない（直前は「ケ」）→ 本文として扱った: イ 偶発症に対する緊急時の対応、医療事故対策等の医療安全対策
注意: p.28: 番号「ウ」が並びに合わない（直前は「ケ」）→ 本文として扱った: ウ 歯科医師が複数名配置されていること又は歯科医師及び歯科衛
注意: p.28: 番号「エ」が並びに合わない（直前は「ケ」）→ 本文として扱った: エ 医療安全管理者が配置されていること。ただし、病院である医
注意: p.28: 番号「オ」が並びに合わない（直前は「ケ」）→ 本文として扱った: オ 患者にとって安心で安全な歯科医療環境の提供を行うにつき次
注意: p.28: 番号「カ」が並びに合わない（直前は「ケ」）→ 本文として扱った: カ 診療における偶発症等緊急時に円滑な対応ができるよう、別の
注意: p.28: 番号「キ」が並びに合わない（直前は「ケ」）→ 本文として扱った: キ 以下のいずれかを満たしていること。
注意: p.29: 番号「ク」が並びに合わない（直前は「ケ」）→ 本文として扱った: ク 当該保険医療機関の見やすい場所に、緊急時における連携保険
注意: p.29: 番号「ケ」が重複している（原本の誤植と思われる）: ケ クの掲示事項について、原則としてウェブサイトに掲載してい
注意: p.29: 番号「ア」が並びに合わない（直前は「ケ」）→ 本文として扱った: ア 歯科点数表の地域歯科診療支援病院歯科初診料に係る施設基準
注意: p.29: 番号「イ」が並びに合わない（直前は「ケ」）→ 本文として扱った: イ 偶発症に対する緊急時の対応、医療事故対策等の医療安全対策
注意: p.29: 番号「ウ」が並びに合わない（直前は「ケ」）→ 本文として扱った: ウ 歯科医師が複数名配置されていること、又は歯科医師が１名以
注意: p.29: 番号「エ」が並びに合わない（直前は「ケ」）→ 本文として扱った: エ 歯科の外来診療部門に医療安全管理者が配置されていること。
注意: p.29: 番号「オ」が並びに合わない（直前は「ケ」）→ 本文として扱った: オ 患者にとって安心で安全な歯科医療環境の提供を行うにつき次
注意: p.29: 番号「カ」が並びに合わない（直前は「ケ」）→ 本文として扱った: カ 診療における偶発症等緊急時に円滑な対応ができるよう、別の
注意: p.29: 番号「キ」が並びに合わない（直前は「ケ」）→ 本文として扱った: キ 歯科外来診療において発生した医療事故、インシデント等を報
注意: p.29: 番号「ク」が並びに合わない（直前は「ケ」）→ 本文として扱った: ク 当該保険医療機関の見やすい場所に、緊急時における連携保険
注意: p.29: 番号「ケ」が重複している（原本の誤植と思われる）: ケ クの掲示事項について、原則としてウェブサイトに掲載してい
注意: p.30: 番号「ア」が並びに合わない（直前は「ケ」）→ 本文として扱った: ア 歯科医療を担当する保険医療機関（歯科点数表の地域歯科診療
注意: p.30: 番号「イ」が並びに合わない（直前は「ケ」）→ 本文として扱った: イ 歯科点数表の初診料の注１に係る施設基準の届出を行っている
注意: p.30: 番号「ウ」が並びに合わない（直前は「ケ」）→ 本文として扱った: ウ 歯科医師が複数名配置されていること、又は歯科医師が１名以
注意: p.30: 番号「エ」が並びに合わない（直前は「ケ」）→ 本文として扱った: エ 院内感染管理者が配置されていること。ただし、病院である医
注意: p.30: 番号「オ」が並びに合わない（直前は「ケ」）→ 本文として扱った: オ 歯科用吸引装置等により、歯科ユニット毎に歯の切削時等に飛
注意: p.30: 番号「ア」が並びに合わない（直前は「ケ」）→ 本文として扱った: ア 歯科医療を担当する保険医療機関（歯科点数表の地域歯科診療
注意: p.30: 番号「イ」が並びに合わない（直前は「ケ」）→ 本文として扱った: イ 歯科点数表の初診料の注１に係る施設基準に適合するものとし
注意: p.30: 番号「ウ」が並びに合わない（直前は「ケ」）→ 本文として扱った: ウ 歯科医師が複数名配置されていること又は歯科医師及び歯科衛
注意: p.30: 番号「エ」が並びに合わない（直前は「ケ」）→ 本文として扱った: エ 院内感染管理者が配置されていること。ただし、病院である医
注意: p.30: 番号「オ」が並びに合わない（直前は「ケ」）→ 本文として扱った: オ 歯科用吸引装置等により、歯科ユニット毎に歯の切削時等に飛
注意: p.30: 番号「カ」が並びに合わない（直前は「ケ」）→ 本文として扱った: カ 感染経路別予防策（個人防護具の着脱法等を含む。）及び新型
注意: p.30: 番号「キ」が並びに合わない（直前は「ケ」）→ 本文として扱った: キ 新型インフルエンザ等感染症等の発生時に、当該感染症の患者
注意: p.30: 番号「ク」が並びに合わない（直前は「ケ」）→ 本文として扱った: ク 新型インフルエンザ等感染症等発生時の事業継続計画を策定し
注意: p.31: 番号「ケ」が重複している（原本の誤植と思われる）: ケ 新型インフルエンザ等感染症等の発生時に歯科外来診療を円滑
注意: p.31: 番号「ア」が並びに合わない（直前は「サ」）→ 本文として扱った: ア 歯科点数表の地域歯科診療支援病院歯科初診料に係る施設基準
注意: p.31: 番号「イ」が並びに合わない（直前は「サ」）→ 本文として扱った: イ 歯科医師が複数名配置されていること、又は歯科医師が１名以
注意: p.31: 番号「ウ」が並びに合わない（直前は「サ」）→ 本文として扱った: ウ 院内感染管理者が配置されていること。ただし、医科歯科併設
注意: p.31: 番号「エ」が並びに合わない（直前は「サ」）→ 本文として扱った: エ 歯科用吸引装置等により、歯科ユニット毎に歯の切削時等に飛
注意: p.31: 番号「ア」が並びに合わない（直前は「サ」）→ 本文として扱った: ア 歯科点数表の地域歯科診療支援病院歯科初診料に係る施設基準
注意: p.31: 番号「イ」が並びに合わない（直前は「サ」）→ 本文として扱った: イ 歯科医師が複数名配置されていること、又は歯科医師が１名以
注意: p.31: 番号「ウ」が並びに合わない（直前は「サ」）→ 本文として扱った: ウ 院内感染管理者が配置されていること。ただし、医科歯科併設
注意: p.31: 番号「エ」が並びに合わない（直前は「サ」）→ 本文として扱った: エ 歯科用吸引装置等により、歯科ユニット毎に歯の切削時等に飛
注意: p.31: 番号「オ」が並びに合わない（直前は「サ」）→ 本文として扱った: オ 感染経路別予防策（個人防護具の着脱法等を含む。）及び新型
注意: p.31: 番号「カ」が並びに合わない（直前は「サ」）→ 本文として扱った: カ 新型インフルエンザ等感染症等の発生時に、当該感染症の患者
注意: p.31: 番号「キ」が並びに合わない（直前は「サ」）→ 本文として扱った: キ 新型インフルエンザ等感染症等発生時の事業継続計画を策定し
注意: p.31: 番号「ク」が並びに合わない（直前は「サ」）→ 本文として扱った: ク 新型インフルエンザ等感染症等の発生時に歯科外来診療を円滑
注意: p.31: 番号「ケ」が並びに合わない（直前は「サ」）→ 本文として扱った: ケ 新型インフルエンザ等感染症等の発生時に当該地域において、
注意: p.32: 番号「コ」が並びに合わない（直前は「サ」）→ 本文として扱った: コ 年に１回、感染経路別予防策及び最新の新型インフルエンザ等
注意: p.33: 番号「ア」が並びに合わない（直前は「サ」）→ 本文として扱った: ア 対面診療を適切に組み合わせて行うことが求められていること
注意: p.33: 番号「イ」が並びに合わない（直前は「サ」）→ 本文として扱った: イ 患者の状況によって当該保険医療機関において対面診療を提供
注意: p.39: 番号「ア」が並びに合わない（直前は「サ」）→ 本文として扱った: ア 入院患者の数は、当該日の24時現在当該病棟に入院中の患者
注意: p.39: 番号「イ」が並びに合わない（直前は「サ」）→ 本文として扱った: イ 入院患者の数については、届出時の直近１年間（届出前１年か
注意: p.40: 番号「ウ」が並びに合わない（直前は「サ」）→ 本文として扱った: ウ 届出前１年の間に減床を行った保険医療機関については、減床
注意: p.40: 番号「エ」が並びに合わない（直前は「サ」）→ 本文として扱った: エ 病棟単位で算定する特定入院料（「Ａ３１７」に掲げる特定一
注意: p.40: 番号「ア」が並びに合わない（直前は「サ」）→ 本文として扱った: ア 看護要員の数は、届出時の看護要員の数とする。
注意: p.40: 番号「イ」が並びに合わない（直前は「サ」）→ 本文として扱った: イ 当該届出病棟に配置されている看護要員の数は、１勤務帯８時
注意: p.40: 番号「ウ」が並びに合わない（直前は「サ」）→ 本文として扱った: ウ 看護要員の数は、病棟において実際に入院患者の看護に当たっ
注意: p.40: 番号「エ」が並びに合わない（直前は「サ」）→ 本文として扱った: エ 病棟勤務と外来勤務、手術室勤務、中央材料室勤務又は集中治
注意: p.40: 番号「オ」が並びに合わない（直前は「サ」）→ 本文として扱った: オ 臨時職員であっても継続して勤務に服する者は、給与の支払方
注意: p.40: 番号「カ」が並びに合わない（直前は「サ」）→ 本文として扱った: カ 病棟単位で算定する特定入院料（「Ａ３１７」に掲げる特定一
注意: p.41: 番号「キ」が並びに合わない（直前は「サ」）→ 本文として扱った: キ 看護補助者の数については、次の点に留意する。
注意: p.41: 番号「ク」が並びに合わない（直前は「サ」）→ 本文として扱った: ク １か月以上長期欠勤の看護要員、身体障害者（児）に対する機
注意: p.41: 番号「ア」が並びに合わない（直前は「サ」）→ 本文として扱った: ア 「夜勤」とは、各保険医療機関が定める午後10時から翌日の
注意: p.41: 番号「イ」が並びに合わない（直前は「サ」）→ 本文として扱った: イ 看護要員の名簿及び勤務実績表により、各病棟（精神病棟入院
注意: p.41: 番号「ウ」が並びに合わない（直前は「サ」）→ 本文として扱った: ウ 特定入院料（回復期リハビリテーション入院医療管理料及び地
注意: p.42: 番号「エ」が並びに合わない（直前は「サ」）→ 本文として扱った: エ 夜勤に従事する看護要員の月当たり延べ夜勤時間数は、１か月
注意: p.42: 番号「オ」が並びに合わない（直前は「サ」）→ 本文として扱った: オ 月平均夜勤時間数は、同一の入院基本料を算定する病棟全体（
注意: p.42: 番号「カ」が並びに合わない（直前は「サ」）→ 本文として扱った: カ 月平均夜勤時間数の計算に含まれる実人員数及び延べ夜勤時間
注意: p.42: 番号「キ」が並びに合わない（直前は「サ」）→ 本文として扱った: キ 週当たりの所定労働時間は、40時間以内であること。
注意: p.42: 番号「ク」が並びに合わない（直前は「サ」）→ 本文として扱った: ク 夜勤専従者の夜勤時間については、夜勤による勤務負担が過重
注意: p.42: 番号「ケ」が並びに合わない（直前は「サ」）→ 本文として扱った: ケ 上記(２)のアからクまで及び(３)のアからクまでに係る看
注意: p.43: 番号「ア」が並びに合わない（直前は「サ」）→ 本文として扱った: ア 看護要員の勤務形態は、保険医療機関の実情に応じて病棟ごと
注意: p.43: 番号「イ」が並びに合わない（直前は「サ」）→ 本文として扱った: イ 同一の入院基本料を算定する病棟全体で１日当たり勤務する看
注意: p.43: 番号「ウ」が並びに合わない（直前は「サ」）→ 本文として扱った: ウ 特別入院基本料を算定している保険医療機関については、各病
注意: p.43: 番号「ア」が並びに合わない（直前は「サ」）→ 本文として扱った: ア 各勤務帯のそれぞれで、１人の看護要員が、実際に受け持って
注意: p.43: 番号「イ」が並びに合わない（直前は「サ」）→ 本文として扱った: イ アの掲示については、第３「届出受理後の措置等」の７の掲示
注意: p.43: 番号「ア」が並びに合わない（直前は「サ」）→ 本文として扱った: ア 看護は、当該保険医療機関の看護要員のみによって行われるも
注意: p.43: 番号「イ」が並びに合わない（直前は「サ」）→ 本文として扱った: イ ①病状の観察、②病状の報告、③身体の清拭、食事、排泄等の
注意: p.43: 番号「ウ」が並びに合わない（直前は「サ」）→ 本文として扱った: ウ 個々の患者の病状にあった適切な看護が実施されていること。
注意: p.44: 番号「エ」が並びに合わない（直前は「サ」）→ 本文として扱った: エ 看護に関する記録としては、看護体制の１単位ごとに別添６の
注意: p.44: 番号「オ」が並びに合わない（直前は「サ」）→ 本文として扱った: オ 当該届出に係る各病棟の看護単位ごとに看護の責任者が配置さ
注意: p.47: 番号「ア」が並びに合わない（直前は「サ」）→ 本文として扱った: ア 医師数は、常勤（週４日以上常態として勤務しており、かつ、
注意: p.47: 番号「イ」が並びに合わない（直前は「サ」）→ 本文として扱った: イ ウの医師数の計算方法における医師数は、届出時の医師数とす
注意: p.47: 番号「ウ」が並びに合わない（直前は「サ」）→ 本文として扱った: ウ 急性期一般入院料１及び７対１入院基本料に係る医師数の計算
注意: p.48: 番号「ア」が並びに合わない（直前は「サ」）→ 本文として扱った: ア 直近６か月間において、当該病棟から退院した患者数（第２部
注意: p.48: 番号「イ」が並びに合わない（直前は「サ」）→ 本文として扱った: イ 直近６か月間に退院した患者数（第２部「通則５」に規定する
注意: p.48: 番号「ア」が並びに合わない（直前は「サ」）→ 本文として扱った: ア 地域一般入院基本料、療養病棟入院料１若しくは２、旧算定方
注意: p.48: 番号「イ」が並びに合わない（直前は「サ」）→ 本文として扱った: イ 精神病棟入院基本料（10 対１入院基本料及び 13 対１
注意: p.48: 番号「④」が並びに合わない（直前は「②」）→ 本文として扱った: ④の４について
注意: p.49: 番号「ア」が並びに合わない（直前は「サ」）→ 本文として扱った: ア 一般病棟入院基本料、結核病棟入院基本料、精神病棟入院基本
注意: p.49: 番号「イ」が並びに合わない（直前は「サ」）→ 本文として扱った: イ 本通知の第３の１の(１)に規定する一時的な変動に該当する
注意: p.49: 番号「ウ」が並びに合わない（直前は「サ」）→ 本文として扱った: ウ 月平均夜勤時間超過減算により入院基本料を算定する場合は、
注意: p.49: 番号「ア」が並びに合わない（直前は「サ」）→ 本文として扱った: ア 一般病棟入院基本料、結核病棟入院基本料及び精神病棟入院基
注意: p.49: 番号「イ」が並びに合わない（直前は「サ」）→ 本文として扱った: イ 夜勤時間特別入院基本料を算定する場合は、医療勤務環境改善
注意: p.51: 番号「ア」が並びに合わない（直前は「サ」）→ 本文として扱った: ア 中心静脈注射用カテーテルに係る院内感染対策のための指針を
注意: p.51: 番号「イ」が並びに合わない（直前は「サ」）→ 本文として扱った: イ 当該療養病棟に入院する個々の患者について、中心静脈注射用
注意: p.51: 番号「ア」が並びに合わない（直前は「サ」）→ 本文として扱った: ア 直近３か月における各病棟の入院患者ごとの医療区分３の患者
注意: p.51: 番号「イ」が並びに合わない（直前は「サ」）→ 本文として扱った: イ 直近３か月における各病棟の入院患者ごとの入院日数の和
注意: p.52: 番号「ア」が並びに合わない（直前は「サ」）→ 本文として扱った: ア 内視鏡下嚥下機能検査又は嚥下造影を実施する体制を有してい
注意: p.52: 番号「イ」が並びに合わない（直前は「サ」）→ 本文として扱った: イ 摂食機能療法を当該保険医療機関内で実施できること。
注意: p.52: 番号「ウ」が並びに合わない（直前は「サ」）→ 本文として扱った: ウ 毎年８月において、療養病棟入院料を算定している患者のうち
注意: p.53: 番号「ア」が並びに合わない（直前は「エ」）→ 本文として扱った: ア 医療制度の概要及び病院の機能と組織の理解
注意: p.53: 番号「イ」が並びに合わない（直前は「エ」）→ 本文として扱った: イ 医療チーム及び看護チームの一員としての看護補助業務の理解
注意: p.53: 番号「ウ」が並びに合わない（直前は「エ」）→ 本文として扱った: ウ 看護補助業務を遂行するための基礎的な知識・技術
注意: p.53: 番号「エ」が重複している（原本の誤植と思われる）: エ 日常生活にかかわる業務
注意: p.54: 番号「ア」が並びに合わない（直前は「カ」）→ 本文として扱った: ア 次に掲げる所定の研修
注意: p.54: 番号「イ」が並びに合わない（直前は「カ」）→ 本文として扱った: イ 次の内容を含む院内研修
注意: p.54: 番号「ア」が並びに合わない（直前は「カ」）→ 本文として扱った: ア 当該保険医療機関において３年以上の看護補助者としての勤務
注意: p.54: 番号「イ」が並びに合わない（直前は「カ」）→ 本文として扱った: イ 主として直接患者に対し療養生活上の世話を行う看護補助者の
注意: p.54: 番号「①」が並びに合わない（直前は「④」）→ 本文として扱った: ① 直接患者に対し療養生活上の世話を行うことに伴う医療安全
注意: p.54: 番号「②」が並びに合わない（直前は「④」）→ 本文として扱った: ② 直接患者に対し療養生活上の世話を行うために必要な患者・家
注意: p.54: 番号「③」が並びに合わない（直前は「④」）→ 本文として扱った: ③ 療養生活上の世話に関する具体的な業務（食事、清潔、排泄、
注意: p.54: 番号「ウ」が並びに合わない（直前は「カ」）→ 本文として扱った: ウ 11 の(１)から(５)までを満たしていること。ただし、
注意: p.55: 番号「エ」が並びに合わない（直前は「カ」）→ 本文として扱った: エ 当該病棟の看護師長等が11の(６)のアに掲げる所定の研修
注意: p.55: 番号「オ」が並びに合わない（直前は「カ」）→ 本文として扱った: オ 当該保険医療機関における看護補助者の業務に必要な能力を段
注意: p.56: 番号「ア」が並びに合わない（直前は「オ」）→ 本文として扱った: ア 特定集中治療室管理の施設基準に係る届出を行い受理された病
注意: p.56: 番号「イ」が並びに合わない（直前は「オ」）→ 本文として扱った: イ 一般病棟の入院患者の７割以上が循環器疾患患者であること。
注意: p.56: 番号「ウ」が並びに合わない（直前は「オ」）→ 本文として扱った: ウ (１)のア、イ及びオを満たしていること。
注意: p.56: 番号「ア」が並びに合わない（直前は「イ」）→ 本文として扱った: ア 重度の肢体不自由児（者）（脳卒中の後遺症の患者及び認知症
注意: p.57: 番号「イ」が重複している（原本の誤植と思われる）: イ 当該病棟において、１日に看護を行う看護職員及び看護補助を
注意: p.57: 番号「ア」が並びに合わない（直前は「カ」）→ 本文として扱った: ア 次に掲げる所定の研修
注意: p.58: 番号「イ」が並びに合わない（直前は「カ」）→ 本文として扱った: イ 次の内容を含む院内研修
注意: p.58: 番号「ア」が並びに合わない（直前は「カ」）→ 本文として扱った: ア 当該保険医療機関において３年以上の看護補助者としての勤務
注意: p.58: 番号「イ」が並びに合わない（直前は「カ」）→ 本文として扱った: イ 主として直接患者に対し療養生活上の世話を行う看護補助者の
注意: p.58: 番号「ウ」が並びに合わない（直前は「カ」）→ 本文として扱った: ウ 16 の(１)から(６)までを満たしていること。ただし、
注意: p.58: 番号「エ」が並びに合わない（直前は「カ」）→ 本文として扱った: エ 当該病棟の看護師長等が16の(７)のアに掲げる所定の研修
注意: p.58: 番号「オ」が並びに合わない（直前は「カ」）→ 本文として扱った: オ 当該保険医療機関における看護補助者の業務に必要な能力を段
注意: p.60: 番号「ア」が並びに合わない（直前は「サ」）→ 本文として扱った: ア 当該診療所（療養病床を除く。）における看護職員の数が、７
注意: p.60: 番号「イ」が並びに合わない（直前は「サ」）→ 本文として扱った: イ 次の施設基準のうち、(イ)に該当すること又は(ロ)から(
注意: p.61: 番号「ア」が並びに合わない（直前は「サ」）→ 本文として扱った: ア 当該診療所（療養病床を除く。）における看護職員の数が、４
注意: p.61: 番号「イ」が並びに合わない（直前は「サ」）→ 本文として扱った: イ (１)のイを満たしていること。
注意: p.61: 番号「ア」が並びに合わない（直前は「サ」）→ 本文として扱った: ア 当該診療所（療養病床を除く。）における看護職員の数が、１
注意: p.61: 番号「イ」が並びに合わない（直前は「サ」）→ 本文として扱った: イ (１)のイを満たしていること。
注意: p.61: 番号「ア」が並びに合わない（直前は「サ」）→ 本文として扱った: ア 在宅療養支援診療所であって、過去１年間に訪問診療を実施し
注意: p.61: 番号「イ」が並びに合わない（直前は「サ」）→ 本文として扱った: イ 全身麻酔、脊椎麻酔又は硬膜外麻酔（手術を実施した場合に限
注意: p.61: 番号「ウ」が並びに合わない（直前は「サ」）→ 本文として扱った: ウ 救急病院等を定める省令に基づき認定された救急診療所である
注意: p.61: 番号「エ」が並びに合わない（直前は「サ」）→ 本文として扱った: エ 「救急医療対策の整備事業について」に規定された在宅当番医
注意: p.62: 番号「オ」が並びに合わない（直前は「サ」）→ 本文として扱った: オ 「Ｂ００１」の「２２」に掲げるがん性疼痛緩和指導管理料を
注意: p.62: 番号「カ」が並びに合わない（直前は「サ」）→ 本文として扱った: カ 注６に規定する夜間看護配置加算１又は２を算定しており、夜
注意: p.68: 番号「ア」が並びに合わない（直前は「サ」）→ 本文として扱った: ア 人工心肺を用いた手術及び人工心肺を使用しない冠動脈、大動
注意: p.68: 番号「イ」が並びに合わない（直前は「サ」）→ 本文として扱った: イ 悪性腫瘍手術 400件／年以上
注意: p.68: 番号「ウ」が並びに合わない（直前は「サ」）→ 本文として扱った: ウ 腹腔鏡下手術 100件／年以上
注意: p.68: 番号「エ」が並びに合わない（直前は「サ」）→ 本文として扱った: エ 放射線治療（体外照射法）4,000件／年以上
注意: p.68: 番号「オ」が並びに合わない（直前は「サ」）→ 本文として扱った: オ 化学療法 1,000件／年以上
注意: p.68: 番号「カ」が並びに合わない（直前は「サ」）→ 本文として扱った: カ 分娩件数 100件／年以上
注意: p.68: 番号「ア」が並びに合わない（直前は「サ」）→ 本文として扱った: ア 全身麻酔
注意: p.68: 番号「イ」が並びに合わない（直前は「サ」）→ 本文として扱った: イ 人工心肺を用いた手術及び人工心肺を使用しない冠動脈、大動
注意: p.69: 番号「ウ」が並びに合わない（直前は「サ」）→ 本文として扱った: ウ 悪性腫瘍手術
注意: p.69: 番号「エ」が並びに合わない（直前は「サ」）→ 本文として扱った: エ 腹腔鏡下手術
注意: p.69: 番号「オ」が並びに合わない（直前は「サ」）→ 本文として扱った: オ 放射線治療（体外照射法）
注意: p.70: 番号「カ」が並びに合わない（直前は「サ」）→ 本文として扱った: カ 化学療法
注意: p.70: 番号「キ」が並びに合わない（直前は「サ」）→ 本文として扱った: キ 分娩件数
注意: p.70: 番号「ア」が並びに合わない（直前は「サ」）→ 本文として扱った: ア 次の(イ)及び(ロ)のいずれにも該当すること。
注意: p.70: 番号「イ」が並びに合わない（直前は「サ」）→ 本文として扱った: イ 紹介受診重点医療機関（医療法第 30 条の 18 の２第
注意: p.70: 番号「ア」が並びに合わない（直前は「サ」）→ 本文として扱った: ア 当該保険医療機関内に、医療従事者の負担の軽減及び処遇の改
注意: p.70: 番号「イ」が並びに合わない（直前は「サ」）→ 本文として扱った: イ 当該保険医療機関内に、多職種からなる役割分担推進のための
注意: p.70: 番号「ウ」が並びに合わない（直前は「サ」）→ 本文として扱った: ウ イの計画は、医療従事者の現状の勤務状況等を把握し、問題点
注意: p.70: 番号「エ」が並びに合わない（直前は「サ」）→ 本文として扱った: エ イの計画には次に掲げる項目のうち少なくとも３項目以上を含
注意: p.71: 番号「オ」が並びに合わない（直前は「サ」）→ 本文として扱った: オ 医療従事者の負担の軽減及び処遇の改善に関する取組事項を当
注意: p.71: 番号「ア」が並びに合わない（直前は「サ」）→ 本文として扱った: ア 当該保険医療機関の敷地内が禁煙であること。
注意: p.71: 番号「イ」が並びに合わない（直前は「サ」）→ 本文として扱った: イ 敷地内禁煙を行っている旨を保険医療機関内の見やすい場所に
注意: p.71: 番号「ウ」が並びに合わない（直前は「サ」）→ 本文として扱った: ウ 保険医療機関が建造物の一部分を用いて開設されている場合は
注意: p.71: 番号「エ」が並びに合わない（直前は「サ」）→ 本文として扱った: エ 「Ａ１０３」精神病棟入院基本料、「Ａ１０４」特定機能病院
注意: p.71: 番号「オ」が並びに合わない（直前は「サ」）→ 本文として扱った: オ 敷地内に喫煙所を設ける場合は、喫煙場所から非喫煙場所にた
注意: p.71: 番号「ア」が並びに合わない（直前は「サ」）→ 本文として扱った: ア 「Ａ１０１」療養病棟入院基本料又は「Ａ３０８－３」地域包
注意: p.71: 番号「イ」が並びに合わない（直前は「サ」）→ 本文として扱った: イ 当該保険医療機関と同一建物内に特別養護老人ホーム、介護老
注意: p.73: 番号「ア」が並びに合わない（直前は「サ」）→ 本文として扱った: ア 人工心肺を用いた手術及び人工心肺を使用しない冠動脈、大動
注意: p.73: 番号「イ」が並びに合わない（直前は「サ」）→ 本文として扱った: イ 悪性腫瘍手術 400件／年以上
注意: p.73: 番号「ウ」が並びに合わない（直前は「サ」）→ 本文として扱った: ウ 腹腔鏡下手術 100件／年以上
注意: p.73: 番号「エ」が並びに合わない（直前は「サ」）→ 本文として扱った: エ 放射線治療（体外照射法）4,000件／年以上
注意: p.73: 番号「オ」が並びに合わない（直前は「サ」）→ 本文として扱った: オ 化学療法 1,000件／年以上
注意: p.73: 番号「カ」が並びに合わない（直前は「サ」）→ 本文として扱った: カ 分娩件数 100件／年以上
注意: p.73: 番号「ア」が並びに合わない（直前は「サ」）→ 本文として扱った: ア 「救急医療対策事業実施要綱」に定める第２「入院を要する（
注意: p.73: 番号「イ」が並びに合わない（直前は「サ」）→ 本文として扱った: イ アと同様に24時間の救急患者を受け入れている保険医療機関
注意: p.73: 番号「ア」が並びに合わない（直前は「サ」）→ 本文として扱った: ア 「Ａ２３０－４」精神科リエゾンチーム加算又は「Ａ２４７」
注意: p.74: 番号「イ」が並びに合わない（直前は「サ」）→ 本文として扱った: イ 「Ａ２４８」の「２」精神疾患診療体制加算２の算定件数又は
注意: p.74: 番号「ア」が並びに合わない（直前は「サ」）→ 本文として扱った: ア 「Ａ２３０－４」精神科リエゾンチーム加算又は「Ａ２４７」
注意: p.74: 番号「イ」が並びに合わない（直前は「サ」）→ 本文として扱った: イ 「Ａ２４８」精神疾患診療体制加算２の算定件数又は救急搬送
注意: p.74: 番号「ア」が並びに合わない（直前は「サ」）→ 本文として扱った: ア 人工心肺を用いた手術及び人工心肺を使用しない冠動脈、大動
注意: p.74: 番号「イ」が並びに合わない（直前は「サ」）→ 本文として扱った: イ 悪性腫瘍手術 400件／年以上
注意: p.74: 番号「ウ」が並びに合わない（直前は「サ」）→ 本文として扱った: ウ 腹腔鏡下手術 100件／年以上
注意: p.74: 番号「エ」が並びに合わない（直前は「サ」）→ 本文として扱った: エ 放射線治療（体外照射法）4,000件／年以上
注意: p.74: 番号「オ」が並びに合わない（直前は「サ」）→ 本文として扱った: オ 化学療法 1,000件／年以上
注意: p.74: 番号「カ」が並びに合わない（直前は「サ」）→ 本文として扱った: カ 分娩件数 100件／年以上
注意: p.75: 番号「ア」が並びに合わない（直前は「サ」）→ 本文として扱った: ア 全身麻酔
注意: p.75: 番号「イ」が並びに合わない（直前は「サ」）→ 本文として扱った: イ 緊急手術
注意: p.75: 番号「ウ」が並びに合わない（直前は「サ」）→ 本文として扱った: ウ 悪性腫瘍手術
注意: p.75: 番号「エ」が並びに合わない（直前は「サ」）→ 本文として扱った: エ 腹腔鏡下手術
注意: p.75: 番号「オ」が並びに合わない（直前は「サ」）→ 本文として扱った: オ 胸腔鏡下手術
注意: p.75: 番号「カ」が並びに合わない（直前は「サ」）→ 本文として扱った: カ 心臓カテーテル法による手術
注意: p.76: 番号「キ」が並びに合わない（直前は「サ」）→ 本文として扱った: キ 消化管内視鏡による手術
注意: p.76: 番号「ク」が並びに合わない（直前は「サ」）→ 本文として扱った: ク 化学療法
注意: p.76: 番号「ケ」が並びに合わない（直前は「サ」）→ 本文として扱った: ケ 心臓胸部大血管の手術
注意: p.76: 番号「コ」が並びに合わない（直前は「サ」）→ 本文として扱った: コ 異常分娩
注意: p.76: 番号「サ」が重複している（原本の誤植と思われる）: サ ６歳未満の乳幼児の手術
注意: p.76: 番号「ア」が並びに合わない（直前は「サ」）→ 本文として扱った: ア 以下のいずれかを満たしていること。
注意: p.76: 番号「イ」が並びに合わない（直前は「サ」）→ 本文として扱った: イ 精神科に係る体制として、自院又は他院の精神科医が速やかに
注意: p.77: 番号「ウ」が並びに合わない（直前は「サ」）→ 本文として扱った: ウ 救急時医療情報閲覧機能を有していること。
注意: p.77: 番号「ア」が並びに合わない（直前は「サ」）→ 本文として扱った: ア 当該保険医療機関内に、病状の急変の可能性がある入院患者及
注意: p.77: 番号「①」が並びに合わない（直前は「②」）→ 本文として扱った: ① 救急又は集中治療の経験を有し、所定の研修を修了した医師１
注意: p.77: 番号「②」が重複している（原本の誤植と思われる）: ② 救急又は集中治療の経験を有し、所定の研修を修了した専任の
注意: p.77: 番号「イ」が並びに合わない（直前は「サ」）→ 本文として扱った: イ 当該保険医療機関内に、病状の急変の可能性がある入院患者及
注意: p.77: 番号「ウ」が並びに合わない（直前は「サ」）→ 本文として扱った: ウ 院内迅速対応チームの対応内容も含めた、病状の急変の可能性
注意: p.77: 番号「エ」が並びに合わない（直前は「サ」）→ 本文として扱った: エ 当該保険医療機関内に、病状の急変の可能性がある入院患者及
注意: p.77: 番号「オ」が並びに合わない（直前は「サ」）→ 本文として扱った: オ 院内迅速対応チームの対応体制及び対応状況等について、当該
注意: p.78: 番号「カ」が並びに合わない（直前は「サ」）→ 本文として扱った: カ 院内迅速対応チームの対応状況等必要な実績を記録しているこ
注意: p.78: 番号「ア」が並びに合わない（直前は「サ」）→ 本文として扱った: ア 次の要件を満たしていること。
注意: p.78: 番号「イ」が並びに合わない（直前は「サ」）→ 本文として扱った: イ 紹介受診重点医療機関であること。
注意: p.78: 番号「ア」が並びに合わない（直前は「サ」）→ 本文として扱った: ア 「Ａ１０１」療養病棟入院基本料又は「Ａ３０８－３」地域包
注意: p.78: 番号「イ」が並びに合わない（直前は「サ」）→ 本文として扱った: イ 「Ａ１００」一般病棟入院基本料（急性期一般入院料１に限る
注意: p.78: 番号「ウ」が並びに合わない（直前は「サ」）→ 本文として扱った: ウ 当該保険医療機関と同一建物内に特別養護老人ホーム、介護老
注意: p.78: 番号「エ」が並びに合わない（直前は「サ」）→ 本文として扱った: エ 特定の保険薬局との間で不動産取引等その他の特別な関係がな
注意: p.78: 番号「ア」が並びに合わない（直前は「サ」）→ 本文として扱った: ア 一般病棟における平均在院日数が14日以内であること。
注意: p.78: 番号「イ」が並びに合わない（直前は「サ」）→ 本文として扱った: イ 一般病棟の退棟患者（退院患者を含む。）に占める、同一の保
注意: p.79: 番号「ウ」が並びに合わない（直前は「サ」）→ 本文として扱った: ウ 「Ａ２４６」入退院支援加算１又は２の届出を行っている保険
注意: p.79: 番号「ア」が並びに合わない（直前は「サ」）→ 本文として扱った: ア 当該保険医療機関の敷地内が禁煙であること。
注意: p.79: 番号「イ」が並びに合わない（直前は「サ」）→ 本文として扱った: イ 敷地内禁煙を行っている旨を保険医療機関内の見やすい場所に
注意: p.79: 番号「ウ」が並びに合わない（直前は「サ」）→ 本文として扱った: ウ 保険医療機関が建造物の一部分を用いて開設されている場合は
注意: p.79: 番号「エ」が並びに合わない（直前は「サ」）→ 本文として扱った: エ 「Ａ１０３」精神病棟入院基本料、「Ａ３１０」緩和ケア病棟
注意: p.79: 番号「オ」が並びに合わない（直前は「サ」）→ 本文として扱った: オ 敷地内に喫煙所を設ける場合は、喫煙場所から非喫煙場所にた
注意: p.79: 番号「ア」が並びに合わない（直前は「サ」）→ 本文として扱った: ア 全身麻酔による手術について、2,000件／年以上（うち、
注意: p.79: 番号「イ」が並びに合わない（直前は「サ」）→ 本文として扱った: イ 悪性腫瘍手術について、400件／年以上
注意: p.79: 番号「ウ」が並びに合わない（直前は「サ」）→ 本文として扱った: ウ 腹腔鏡下手術又は胸腔鏡下手術について、400件／年以上
注意: p.79: 番号「エ」が並びに合わない（直前は「サ」）→ 本文として扱った: エ 心臓カテーテル法による手術について、200件／年以上
注意: p.79: 番号「オ」が並びに合わない（直前は「サ」）→ 本文として扱った: オ 消化管内視鏡による手術について、600件／年以上
注意: p.79: 番号「カ」が並びに合わない（直前は「サ」）→ 本文として扱った: カ 化学療法の実施について、1,000件／年以上
注意: p.79: 番号「キ」が並びに合わない（直前は「サ」）→ 本文として扱った: キ 心臓胸部大血管の手術について、100件／年以上
注意: p.79: 番号「ア」が並びに合わない（直前は「サ」）→ 本文として扱った: ア 「Ｂ００１－２－12」の「１」外来腫瘍化学療法診療料１の
注意: p.79: 番号「イ」が並びに合わない（直前は「サ」）→ 本文として扱った: イ 当該保険医療機関において化学療法を実施した患者全体に占め
注意: p.80: 番号「ア」が並びに合わない（直前は「サ」）→ 本文として扱った: ア 異常分娩の件数が50件／年以上であること。
注意: p.80: 番号「イ」が並びに合わない（直前は「サ」）→ 本文として扱った: イ ６歳未満の乳幼児の手術件数が40件／年以上であること。
注意: p.80: 番号「ア」が並びに合わない（直前は「サ」）→ 本文として扱った: ア 医療法第７条第２項第１号に規定する精神病床を有しているこ
注意: p.80: 番号「イ」が並びに合わない（直前は「サ」）→ 本文として扱った: イ 精神疾患を有する患者に対し、24 時間対応できる体制を確
注意: p.80: 番号「ウ」が並びに合わない（直前は「サ」）→ 本文として扱った: ウ 「Ａ１０３」精神病棟入院基本料、「Ａ３１１」精神科救急急
注意: p.81: 番号「ア」が並びに合わない（直前は「サ」）→ 本文として扱った: ア 指導医は臨床経験を７年以上有する医師であること。
注意: p.81: 番号「イ」が並びに合わない（直前は「サ」）→ 本文として扱った: イ 研修医2.5人につき、指導医１人以上であること。
注意: p.81: 番号「ウ」が並びに合わない（直前は「サ」）→ 本文として扱った: ウ 当該保険医療機関の医師の数は、医療法に定める標準を満たし
注意: p.81: 番号「エ」が並びに合わない（直前は「サ」）→ 本文として扱った: エ 加算の対象となる保険医療機関は、臨床研修病院であって研修
注意: p.81: 番号「オ」が並びに合わない（直前は「サ」）→ 本文として扱った: オ 当該保険医療機関の全職種の職員を対象とした保険診療に関す
注意: p.81: 番号「カ」が並びに合わない（直前は「サ」）→ 本文として扱った: カ 研修医数は、病床数を10で除した数又は年間の入院患者数を
注意: p.81: 番号「ア」が並びに合わない（直前は「サ」）→ 本文として扱った: ア 協力型（Ⅰ）臨床研修病院（医師法第16条の２第１項に規定
注意: p.81: 番号「イ」が並びに合わない（直前は「サ」）→ 本文として扱った: イ 研修医が基幹型臨床研修病院又は基幹型相当大学病院において
注意: p.81: 番号「ア」が並びに合わない（直前は「サ」）→ 本文として扱った: ア 指導歯科医は歯科医師法第16条の２第１項に規定する臨床研
注意: p.81: 番号「イ」が並びに合わない（直前は「サ」）→ 本文として扱った: イ 研修歯科医２人につき、指導歯科医１人以上であること。
注意: p.81: 番号「ウ」が並びに合わない（直前は「サ」）→ 本文として扱った: ウ 当該保険医療機関の歯科医師の数は、医療法に定める標準を満
注意: p.81: 番号「エ」が並びに合わない（直前は「サ」）→ 本文として扱った: エ 加算の対象となる病院である保険医療機関は、臨床研修施設で
注意: p.82: 番号「オ」が並びに合わない（直前は「サ」）→ 本文として扱った: オ 当該保険医療機関の職員を対象とした保険診療に関する講習（
注意: p.82: 番号「ア」が並びに合わない（直前は「サ」）→ 本文として扱った: ア 協力型（Ⅰ）臨床研修施設（歯科医師法第16条の２第１項に
注意: p.82: 番号「イ」が並びに合わない（直前は「サ」）→ 本文として扱った: イ 研修歯科医が単独型臨床研修施設若しくは管理型臨床研修施設
注意: p.82: 番号「ア」が並びに合わない（直前は「サ」）→ 本文として扱った: ア 地域医療支援病院（医療法第４条第１項に規定する地域医療支
注意: p.82: 番号「イ」が並びに合わない（直前は「サ」）→ 本文として扱った: イ 救急病院等を定める省令に基づき認定された救急病院又は救急
注意: p.82: 番号「ウ」が並びに合わない（直前は「サ」）→ 本文として扱った: ウ 「救急医療対策の整備事業について」に規定された病院群輪番
注意: p.83: 番号「ア」が並びに合わない（直前は「サ」）→ 本文として扱った: ア 当該保険医療機関において、専ら脳卒中の診断及び治療を担当
注意: p.83: 番号「イ」が並びに合わない（直前は「サ」）→ 本文として扱った: イ 次のいずれも満たしていること。
注意: p.83: 番号「ア」が並びに合わない（直前は「サ」）→ 本文として扱った: ア 救急蘇生装置（気管内挿管セット、人工呼吸装置等）
注意: p.83: 番号「イ」が並びに合わない（直前は「サ」）→ 本文として扱った: イ 除細動器
注意: p.83: 番号「ウ」が並びに合わない（直前は「サ」）→ 本文として扱った: ウ 心電計
注意: p.83: 番号「エ」が並びに合わない（直前は「サ」）→ 本文として扱った: エ 呼吸循環監視装置
注意: p.85: 番号「ア」が並びに合わない（直前は「サ」）→ 本文として扱った: ア 退院患者の氏名、生年月日、年齢、性別、住所（郵便番号を含
注意: p.85: 番号「イ」が並びに合わない（直前は「サ」）→ 本文として扱った: イ 入院日、退院日
注意: p.85: 番号「ウ」が並びに合わない（直前は「サ」）→ 本文として扱った: ウ 担当医、担当診療科
注意: p.85: 番号「エ」が並びに合わない（直前は「サ」）→ 本文として扱った: エ ＩＣＤ（国際疾病分類）コードによって分類された疾患名
注意: p.85: 番号「オ」が並びに合わない（直前は「サ」）→ 本文として扱った: オ 手術コード（医科点数表の区分番号）によって分類された当該
注意: p.86: 番号「ア」が並びに合わない（直前は「サ」）→ 本文として扱った: ア 当該保険医療機関内に、医師の負担の軽減及び処遇の改善に関
注意: p.86: 番号「イ」が並びに合わない（直前は「サ」）→ 本文として扱った: イ 特別の関係にある保険医療機関での勤務時間も含めて、医師の
注意: p.86: 番号「ウ」が並びに合わない（直前は「サ」）→ 本文として扱った: ウ 当該保険医療機関内に、多職種からなる役割分担推進のための
注意: p.86: 番号「エ」が並びに合わない（直前は「サ」）→ 本文として扱った: エ ウの計画は、現状の勤務状況等を把握し、問題点を抽出した上
注意: p.86: 番号「オ」が並びに合わない（直前は「サ」）→ 本文として扱った: オ 当該計画には以下の項目を含むこと。
注意: p.87: 番号「カ」が並びに合わない（直前は「サ」）→ 本文として扱った: カ 当該計画には、医師の勤務体制等に係る取組について、次に掲
注意: p.87: 番号「①」が並びに合わない（直前は「②」）→ 本文として扱った: ① 勤務計画上、連続当直を行わない勤務体制の実施
注意: p.87: 番号「②」が重複している（原本の誤植と思われる）: ② 前日の終業時刻と翌日の始業時刻の間の一定時間の休息時間の
注意: p.87: 番号「キ」が並びに合わない（直前は「サ」）→ 本文として扱った: キ 医師の負担の軽減及び処遇の改善に関する取組事項を当該保険
注意: p.88: 番号「ア」が並びに合わない（直前は「サ」）→ 本文として扱った: ア 医師法、医療法、医薬品医療機器等法、健康保険法等の関連法
注意: p.88: 番号「イ」が並びに合わない（直前は「サ」）→ 本文として扱った: イ 個人情報の保護に関する事項
注意: p.88: 番号「ウ」が並びに合わない（直前は「サ」）→ 本文として扱った: ウ 当該医療機関で提供される一般的な医療内容及び各配置部門に
注意: p.88: 番号「エ」が並びに合わない（直前は「サ」）→ 本文として扱った: エ 診療録等の記載・管理及び代筆、代行入力
注意: p.88: 番号「オ」が並びに合わない（直前は「サ」）→ 本文として扱った: オ 電子カルテシステム（オーダリングシステムを含む。）
注意: p.88: 番号「ア」が並びに合わない（直前は「サ」）→ 本文として扱った: ア 医師事務作業補助者の業務範囲について、「医師及び医療関係
注意: p.88: 番号「イ」が並びに合わない（直前は「サ」）→ 本文として扱った: イ 診療記録（診療録並びに手術記録、看護記録等）の記載につい
注意: p.88: 番号「ウ」が並びに合わない（直前は「サ」）→ 本文として扱った: ウ 個人情報保護について、「医療・介護関係事業者における個人
注意: p.88: 番号「エ」が並びに合わない（直前は「サ」）→ 本文として扱った: エ 電子カルテシステム（オーダリングシステムを含む。）につい
注意: p.88: 番号「ア」が並びに合わない（直前は「サ」）→ 本文として扱った: ア 「救急医療対策事業実施要綱」に規定する第三次救急医療機関
注意: p.89: 番号「イ」が並びに合わない（直前は「サ」）→ 本文として扱った: イ 年間の緊急入院患者数が800名以上の実績を有する病院であ
注意: p.89: 番号「ア」が並びに合わない（直前は「サ」）→ 本文として扱った: ア 「(１) 15対１補助体制加算の施設基準」を満たしている
注意: p.89: 番号「イ」が並びに合わない（直前は「サ」）→ 本文として扱った: イ 「災害時における医療体制の充実強化について」（平成24年
注意: p.89: 番号「ウ」が並びに合わない（直前は「サ」）→ 本文として扱った: ウ 「基本診療料の施設基準等」別表第六の二に掲げる地域に所在
注意: p.89: 番号「エ」が並びに合わない（直前は「サ」）→ 本文として扱った: エ 年間の緊急入院患者数が 200 名以上又は全身麻酔による
注意: p.89: 番号「ア」が並びに合わない（直前は「サ」）→ 本文として扱った: ア 「(１) 15 対１補助体制加算の施設基準」又は「(２)
注意: p.89: 番号「イ」が並びに合わない（直前は「サ」）→ 本文として扱った: イ 年間の緊急入院患者数が 100 名以上（75 対１及び 
注意: p.89: 番号「ア」が並びに合わない（直前は「サ」）→ 本文として扱った: ア 吐血、喀血又は重篤な脱水で全身状態不良の状態
注意: p.89: 番号「イ」が並びに合わない（直前は「サ」）→ 本文として扱った: イ 意識障害又は昏睡
注意: p.89: 番号「ウ」が並びに合わない（直前は「サ」）→ 本文として扱った: ウ 呼吸不全又は心不全で重篤な状態
注意: p.89: 番号「エ」が並びに合わない（直前は「サ」）→ 本文として扱った: エ 急性薬物中毒
注意: p.89: 番号「オ」が並びに合わない（直前は「サ」）→ 本文として扱った: オ ショック
注意: p.89: 番号「カ」が並びに合わない（直前は「サ」）→ 本文として扱った: カ 重篤な代謝異常（肝不全、腎不全、重症糖尿病等）
注意: p.89: 番号「キ」が並びに合わない（直前は「サ」）→ 本文として扱った: キ 広範囲熱傷、顔面熱傷又は気道熱傷
注意: p.89: 番号「ク」が並びに合わない（直前は「サ」）→ 本文として扱った: ク 外傷、破傷風等で重篤な状態
注意: p.89: 番号「ケ」が並びに合わない（直前は「サ」）→ 本文として扱った: ケ 緊急手術、緊急カテーテル治療・検査又はt―PA療法を必要
注意: p.89: 番号「コ」が並びに合わない（直前は「サ」）→ 本文として扱った: コ 消化器疾患で緊急処置を必要とする重篤な状態
注意: p.89: 番号「サ」が重複している（原本の誤植と思われる）: サ 蘇生術を必要とする重篤な状態
注意: p.90: 番号「ア」が並びに合わない（直前は「シ」）→ 本文として扱った: ア 急性期一般入院基本料
注意: p.90: 番号「イ」が並びに合わない（直前は「シ」）→ 本文として扱った: イ 特定機能病院入院基本料（一般病棟）の７対１入院基本料又は
注意: p.90: 番号「ウ」が並びに合わない（直前は「シ」）→ 本文として扱った: ウ 専門病院入院基本料の７対１入院基本料又は10対１入院基本
注意: p.92: 番号「ア」が並びに合わない（直前は「シ」）→ 本文として扱った: ア 当該病棟において、夜勤を含む交代制勤務に従事する看護要員
注意: p.92: 番号「イ」が並びに合わない（直前は「シ」）→ 本文として扱った: イ ３交代制勤務又は変則３交代制勤務の病棟において、夜勤を含
注意: p.92: 番号「ウ」が並びに合わない（直前は「シ」）→ 本文として扱った: ウ 当該病棟において、夜勤を含む交代制勤務に従事する看護要員
注意: p.92: 番号「エ」が並びに合わない（直前は「シ」）→ 本文として扱った: エ 当該病棟において、夜勤を含む交代制勤務に従事する看護要員
注意: p.92: 番号「オ」が並びに合わない（直前は「シ」）→ 本文として扱った: オ 当該病棟において、夜勤時間帯の患者のニーズに対応できるよ
注意: p.92: 番号「カ」が並びに合わない（直前は「シ」）→ 本文として扱った: カ 当該保険医療機関において、所属部署以外の部署を一時的に支
注意: p.92: 番号「キ」が並びに合わない（直前は「シ」）→ 本文として扱った: キ 当該病棟において、みなし看護補助者を除いた看護補助者の比
注意: p.92: 番号「ク」が並びに合わない（直前は「シ」）→ 本文として扱った: ク 当該保険医療機関において、夜勤時間帯を含めて開所している
注意: p.92: 番号「ケ」が並びに合わない（直前は「シ」）→ 本文として扱った: ケ 当該病棟において、ＩＣＴ、ＡＩ、ＩｏＴ等の活用によって、
注意: p.93: 番号「ア」が並びに合わない（直前は「シ」）→ 本文として扱った: ア 当該保険医療機関において３年以上の看護補助者としての勤務
注意: p.93: 番号「イ」が並びに合わない（直前は「シ」）→ 本文として扱った: イ 看護補助体制充実加算に係る看護補助者に対する院内研修の内
注意: p.93: 番号「ウ」が並びに合わない（直前は「シ」）→ 本文として扱った: ウ 当該病棟の看護師長等は所定の研修を修了していること。また
注意: p.93: 番号「エ」が並びに合わない（直前は「シ」）→ 本文として扱った: エ 当該保険医療機関における看護補助者の業務に必要な能力を段
注意: p.94: 番号「ア」が並びに合わない（直前は「シ」）→ 本文として扱った: ア 急性期一般入院基本料
注意: p.94: 番号「イ」が並びに合わない（直前は「シ」）→ 本文として扱った: イ 特定機能病院入院基本料（一般病棟）の７対１入院基本料又は
注意: p.94: 番号「ウ」が並びに合わない（直前は「シ」）→ 本文として扱った: ウ 専門病院入院基本料の７対１入院基本料又は10対１入院基本
注意: p.95: 番号「ア」が並びに合わない（直前は「シ」）→ 本文として扱った: ア 当該病棟において、夜勤を含む交代制勤務に従事する看護職員
注意: p.95: 番号「イ」が並びに合わない（直前は「シ」）→ 本文として扱った: イ ３交代制勤務又は変則３交代制勤務の病棟において、夜勤を含
注意: p.95: 番号「ウ」が並びに合わない（直前は「シ」）→ 本文として扱った: ウ 当該病棟において、夜勤を含む交代制勤務に従事する看護職員
注意: p.95: 番号「エ」が並びに合わない（直前は「シ」）→ 本文として扱った: エ 当該病棟において、夜勤を含む交代制勤務に従事する看護職員
注意: p.95: 番号「オ」が並びに合わない（直前は「シ」）→ 本文として扱った: オ 当該病棟において、夜勤時間帯の患者のニーズに対応できるよ
注意: p.95: 番号「カ」が並びに合わない（直前は「シ」）→ 本文として扱った: カ 当該保険医療機関において、所属部署以外の部署を一時的に支
注意: p.95: 番号「キ」が並びに合わない（直前は「シ」）→ 本文として扱った: キ 夜間30対１急性期看護補助体制加算、夜間50対１急性期看
注意: p.95: 番号「ク」が並びに合わない（直前は「シ」）→ 本文として扱った: ク 当該病棟において、みなし看護補助者を除いた看護補助者の比
注意: p.95: 番号「ケ」が並びに合わない（直前は「シ」）→ 本文として扱った: ケ 当該保険医療機関において、夜勤時間帯を含めて開所している
注意: p.95: 番号「コ」が並びに合わない（直前は「シ」）→ 本文として扱った: コ 当該病棟において、ＩＣＴ、ＡＩ、ＩｏＴ等の活用によって、
注意: p.96: 番号「ア」が並びに合わない（直前は「シ」）→ 本文として扱った: ア 意識障害レベルがＪＣＳ(Japan Coma Scale
注意: p.96: 番号「イ」が並びに合わない（直前は「シ」）→ 本文として扱った: イ 無動症の患者（閉じ込め症候群、無動性無言、失外套症候群等
注意: p.102: 番号「ア」が並びに合わない（直前は「シ」）→ 本文として扱った: ア 当該療養病棟に係る病室の病床数は、１病室につき４床以下で
注意: p.102: 番号「イ」が並びに合わない（直前は「シ」）→ 本文として扱った: イ 当該療養病棟に係る病室の床面積は、内法による測定で、患者
注意: p.102: 番号「ウ」が並びに合わない（直前は「シ」）→ 本文として扱った: ウ 当該病院に機能訓練室を有しており、当該機能訓練室の床面積
注意: p.102: 番号「エ」が並びに合わない（直前は「シ」）→ 本文として扱った: エ 療養病棟に係る病床に入院している患者１人につき、内法によ
注意: p.102: 番号「オ」が並びに合わない（直前は「シ」）→ 本文として扱った: オ 療養病棟の入院患者同士や入院患者とその家族が談話を楽しめ
注意: p.102: 番号「カ」が並びに合わない（直前は「シ」）→ 本文として扱った: カ 当該保険医療機関内に、身体の不自由な患者の利用に適した浴
注意: p.102: 番号「キ」が並びに合わない（直前は「シ」）→ 本文として扱った: キ 当該加算を算定できる期間については、当該病棟の増築又は全
注意: p.102: 番号「ア」が並びに合わない（直前は「シ」）→ 本文として扱った: ア (１)のエからカまでを満たしていること。
注意: p.102: 番号「イ」が並びに合わない（直前は「シ」）→ 本文として扱った: イ 当該病棟に係る病室の床面積は、内法による測定で、患者１人
注意: p.102: 番号「ウ」が並びに合わない（直前は「シ」）→ 本文として扱った: ウ 当該病院に機能訓練室を有していること。
注意: p.102: 番号「エ」が並びに合わない（直前は「シ」）→ 本文として扱った: エ 当該加算の対象病棟については、平成 24 年３月 31 
注意: p.102: 番号「オ」が並びに合わない（直前は「シ」）→ 本文として扱った: オ 当該加算を算定できる期間については、当該病棟の増築又は全
注意: p.104: 番号「ア」が並びに合わない（直前は「シ」）→ 本文として扱った: ア 当該保険医療機関において自家発電装置を有していること。
注意: p.104: 番号「イ」が並びに合わない（直前は「シ」）→ 本文として扱った: イ 滅菌水の供給が常時可能であること。
注意: p.104: 番号「ウ」が並びに合わない（直前は「シ」）→ 本文として扱った: ウ 個室であること。
注意: p.104: 番号「エ」が並びに合わない（直前は「シ」）→ 本文として扱った: エ 室内の空気清浄度が、患者に対し無菌治療室管理を行っている
注意: p.104: 番号「オ」が並びに合わない（直前は「シ」）→ 本文として扱った: オ 当該治療室の空調設備が垂直層流方式、水平層流方式又はその
注意: p.104: 番号「ア」が並びに合わない（直前は「シ」）→ 本文として扱った: ア 室内の空気清浄度が、患者に対し無菌治療室管理を行っている
注意: p.104: 番号「イ」が並びに合わない（直前は「シ」）→ 本文として扱った: イ (１)のア及びイを満たしていること。
注意: p.106: 番号「ア」が並びに合わない（直前は「ク」）→ 本文として扱った: ア 指定介護老人福祉施設
注意: p.106: 番号「イ」が並びに合わない（直前は「ク」）→ 本文として扱った: イ 指定地域密着型介護老人福祉施設
注意: p.106: 番号「ウ」が並びに合わない（直前は「ク」）→ 本文として扱った: ウ 介護老人保健施設
注意: p.106: 番号「エ」が並びに合わない（直前は「ク」）→ 本文として扱った: エ 介護医療院
注意: p.106: 番号「オ」が並びに合わない（直前は「ク」）→ 本文として扱った: オ 指定特定施設入居者生活介護事業所
注意: p.106: 番号「カ」が並びに合わない（直前は「ク」）→ 本文として扱った: カ 指定地域密着型特定施設入居者生活介護事業所
注意: p.106: 番号「キ」が並びに合わない（直前は「ク」）→ 本文として扱った: キ 指定介護予防特定施設入居者生活介護事業所
注意: p.106: 番号「ク」が重複している（原本の誤植と思われる）: ク 指定認知症対応型共同生活介護事業所
注意: p.107: 番号「ア」が並びに合わない（直前は「シ」）→ 本文として扱った: ア がん等の診療に携わる医師等に対する緩和ケア研修会の開催指
注意: p.107: 番号「イ」が並びに合わない（直前は「シ」）→ 本文として扱った: イ 緩和ケアの基本教育のための都道府県指導者研修会（国立研究
注意: p.107: 番号「ウ」が並びに合わない（直前は「シ」）→ 本文として扱った: ウ 日本心不全学会により開催される基本的心不全緩和ケアトレー
注意: p.107: 番号「ア」が並びに合わない（直前は「シ」）→ 本文として扱った: ア 国又は医療関係団体等が主催する研修であること（600 時
注意: p.107: 番号「イ」が並びに合わない（直前は「シ」）→ 本文として扱った: イ 緩和ケアのための専門的な知識・技術を有する看護師の養成を
注意: p.107: 番号「ウ」が並びに合わない（直前は「シ」）→ 本文として扱った: ウ 講義及び演習により、次の内容を含むものであること。
注意: p.107: 番号「エ」が並びに合わない（直前は「シ」）→ 本文として扱った: エ 実習により、事例に基づくアセスメントとホスピスケア・緩和
注意: p.109: 番号「①」が並びに合わない（直前は「⑥」）→ 本文として扱った: ① (１)に掲げる医師については、悪性腫瘍の患者に対して緩和
注意: p.109: 番号「ア」が並びに合わない（直前は「シ」）→ 本文として扱った: ア がん等の診療に携わる医師等に対する緩和ケア研修会の開催指
注意: p.109: 番号「イ」が並びに合わない（直前は「シ」）→ 本文として扱った: イ 緩和ケアの基本教育のための都道府県指導者研修会（国立研究
注意: p.109: 番号「ウ」が並びに合わない（直前は「シ」）→ 本文として扱った: ウ 日本心不全学会により開催される基本的心不全緩和ケアトレー
注意: p.109: 番号「②」が並びに合わない（直前は「⑥」）→ 本文として扱った: ② (１)に掲げる看護師については、次の事項に該当する研修を
注意: p.109: 番号「ア」が並びに合わない（直前は「シ」）→ 本文として扱った: ア 国又は医療関係団体等が主催する研修であること（２日以上か
注意: p.109: 番号「イ」が並びに合わない（直前は「シ」）→ 本文として扱った: イ 緩和ケアのための専門的な知識・技術を有する看護師の養成を
注意: p.109: 番号「ウ」が並びに合わない（直前は「シ」）→ 本文として扱った: ウ 講義及び演習により、次の内容を含むものであること。
注意: p.109: 番号「ア」が並びに合わない（直前は「シ」）→ 本文として扱った: ア 身体症状の緩和を担当する専任の常勤医師
注意: p.109: 番号「イ」が並びに合わない（直前は「シ」）→ 本文として扱った: イ 精神症状の緩和を担当する専任の常勤医師
注意: p.109: 番号「ウ」が並びに合わない（直前は「シ」）→ 本文として扱った: ウ 緩和ケアの経験を有する専任の常勤看護師
注意: p.109: 番号「エ」が並びに合わない（直前は「シ」）→ 本文として扱った: エ 緩和ケアの経験を有する専任の薬剤師
注意: p.109: 番号「オ」が並びに合わない（直前は「シ」）→ 本文として扱った: オ 小児科の診療に従事した経験を３年以上有している専任の常勤
注意: p.109: 番号「カ」が並びに合わない（直前は「シ」）→ 本文として扱った: カ 小児患者の看護に従事した経験を３年以上有している専任の常
注意: p.110: 番号「ア」が並びに合わない（直前は「シ」）→ 本文として扱った: ア がん等の診療に携わる医師等に対する緩和ケア研修会の開催指
注意: p.111: 番号「イ」が並びに合わない（直前は「シ」）→ 本文として扱った: イ 緩和ケアの基本教育のための都道府県指導者研修会（国立研究
注意: p.111: 番号「ウ」が並びに合わない（直前は「シ」）→ 本文として扱った: ウ 日本心不全学会により開催される基本的心不全緩和ケアトレー
注意: p.111: 番号「ア」が並びに合わない（直前は「シ」）→ 本文として扱った: ア 国又は医療関係団体等が主催する研修であること（600 時
注意: p.111: 番号「イ」が並びに合わない（直前は「シ」）→ 本文として扱った: イ 緩和ケアのための専門的な知識・技術を有する看護師の養成を
注意: p.111: 番号「ウ」が並びに合わない（直前は「シ」）→ 本文として扱った: ウ 講義及び演習により、次の内容を含むものであること。
注意: p.111: 番号「エ」が並びに合わない（直前は「シ」）→ 本文として扱った: エ 実習により、事例に基づくアセスメントとホスピスケア・緩和
注意: p.113: 番号「ア」が並びに合わない（直前は「シ」）→ 本文として扱った: ア １月１日において入院期間が５年以上である患者のうち、１月
注意: p.113: 番号「イ」が並びに合わない（直前は「シ」）→ 本文として扱った: イ １月１日において入院期間が５年以上である患者数
注意: p.114: 番号「ア」が並びに合わない（直前は「ウ」）→ 本文として扱った: ア 国又は医療関係団体等が主催する 600 時間以上の研修（
注意: p.115: 番号「イ」が並びに合わない（直前は「ウ」）→ 本文として扱った: イ 精神看護関連領域に係る専門的な知識・技術を有する看護師の
注意: p.115: 番号「ウ」が重複している（原本の誤植と思われる）: ウ 講義及び演習は、次の内容を含むものである。
注意: p.116: 番号「ア」が並びに合わない（直前は「シ」）→ 本文として扱った: ア 医師の研修については、アルコール依存症に関する専門的な知
注意: p.116: 番号「イ」が並びに合わない（直前は「シ」）→ 本文として扱った: イ 看護師の研修については、アルコール依存症に関する専門的な
注意: p.116: 番号「ウ」が並びに合わない（直前は「シ」）→ 本文として扱った: ウ 精神保健福祉士・公認心理師等の研修については、アルコール
注意: p.117: 番号「ア」が並びに合わない（直前は「シ」）→ 本文として扱った: ア 国又は医療関係団体等が主催する研修であること（14時間以
注意: p.117: 番号「イ」が並びに合わない（直前は「シ」）→ 本文として扱った: イ 研修内容に以下の内容を含むものであること
注意: p.119: 番号「ア」が並びに合わない（直前は「シ」）→ 本文として扱った: ア リハビリテーション医療に関する３年以上の経験を有している
注意: p.119: 番号「イ」が並びに合わない（直前は「シ」）→ 本文として扱った: イ 適切なリハビリテーション、栄養管理、口腔管理に係る研修を
注意: p.119: 番号「ア」が並びに合わない（直前は「シ」）→ 本文として扱った: ア リハビリテーション概論について（急性期リハビリテーション
注意: p.119: 番号「イ」が並びに合わない（直前は「シ」）→ 本文として扱った: イ リハビリテーション評価法について（評価の意義、急性期リハ
注意: p.119: 番号「ウ」が並びに合わない（直前は「シ」）→ 本文として扱った: ウ リハビリテーション治療法について（運動療法、作業療法、言
注意: p.119: 番号「エ」が並びに合わない（直前は「シ」）→ 本文として扱った: エ リハビリテーション処方について（リハビリテーション処方の
注意: p.119: 番号「オ」が並びに合わない（直前は「シ」）→ 本文として扱った: オ 高齢者リハビリテーションについて（廃用症候群とその予防を
注意: p.119: 番号「カ」が並びに合わない（直前は「シ」）→ 本文として扱った: カ 脳・神経系疾患（急性期）に対するリハビリテーションについ
注意: p.119: 番号「キ」が並びに合わない（直前は「シ」）→ 本文として扱った: キ 心臓疾患（CCU でのリハビリテーションを含む。）に対す
注意: p.119: 番号「ク」が並びに合わない（直前は「シ」）→ 本文として扱った: ク 呼吸器疾患に対するリハビリテーションについて
注意: p.119: 番号「ケ」が並びに合わない（直前は「シ」）→ 本文として扱った: ケ 運動器系疾患のリハビリテーションについて
注意: p.119: 番号「コ」が並びに合わない（直前は「シ」）→ 本文として扱った: コ 周術期におけるリハビリテーションについて（ICUでのリハ
注意: p.119: 番号「サ」が並びに合わない（直前は「シ」）→ 本文として扱った: サ 急性期における栄養状態の評価（GLIM基準を含む。）、栄
注意: p.119: 番号「シ」が重複している（原本の誤植と思われる）: シ 急性期における口腔状態の評価、口腔ケア、医科歯科連携につ
注意: p.119: 番号「ア」が並びに合わない（直前は「シ」）→ 本文として扱った: ア 直近１年間に、当該病棟への入棟後３日（入棟日の翌々日）ま
注意: p.120: 番号「イ」が並びに合わない（直前は「シ」）→ 本文として扱った: イ 直近１年間に、当該病棟の入棟患者に対する土曜日、日曜日、
注意: p.120: 番号「ウ」が並びに合わない（直前は「シ」）→ 本文として扱った: ウ 直近１年間に、当該病棟を退院又は転棟した患者（死亡退院及
注意: p.120: 番号「エ」が並びに合わない（直前は「シ」）→ 本文として扱った: エ 当該病棟の入院患者のうち、院内で発生した褥瘡（DESIG
注意: p.121: 番号「ア」が並びに合わない（直前は「ク」）→ 本文として扱った: ア 栄養不良がもたらす影響
注意: p.121: 番号「イ」が並びに合わない（直前は「ク」）→ 本文として扱った: イ 栄養評価法と栄養スクリーニング
注意: p.121: 番号「ウ」が並びに合わない（直前は「ク」）→ 本文として扱った: ウ 栄養補給ルートの選択と栄養管理プランニング
注意: p.121: 番号「エ」が並びに合わない（直前は「ク」）→ 本文として扱った: エ 中心静脈栄養法の実施と合併症及びその対策
注意: p.121: 番号「オ」が並びに合わない（直前は「ク」）→ 本文として扱った: オ 末梢静脈栄養法の実施と合併症及びその対策
注意: p.121: 番号「カ」が並びに合わない（直前は「ク」）→ 本文として扱った: カ 経腸栄養法の実施と合併症及びその対策
注意: p.121: 番号「キ」が並びに合わない（直前は「ク」）→ 本文として扱った: キ 栄養サポートチームの運営方法と活動の実際
注意: p.121: 番号「ア」が並びに合わない（直前は「ク」）→ 本文として扱った: ア 医療関係団体等が認定する教育施設において実施され、40 
注意: p.121: 番号「イ」が並びに合わない（直前は「ク」）→ 本文として扱った: イ 栄養管理のための専門的な知識・技術を有する看護師、薬剤師
注意: p.123: 番号「ア」が並びに合わない（直前は「カ」）→ 本文として扱った: ア 安全管理部門の業務に関する企画立案及び評価を行うこと。
注意: p.123: 番号「イ」が並びに合わない（直前は「カ」）→ 本文として扱った: イ 定期的に院内を巡回し各部門における医療安全対策の実施状況
注意: p.123: 番号「ウ」が並びに合わない（直前は「カ」）→ 本文として扱った: ウ 各部門における医療事故防止担当者への支援を行うこと。
注意: p.123: 番号「エ」が並びに合わない（直前は「カ」）→ 本文として扱った: エ 医療安全対策の体制確保のための各部門との調整を行うこと。
注意: p.123: 番号「オ」が並びに合わない（直前は「カ」）→ 本文として扱った: オ 医療安全対策に係る体制を確保するための職員研修を企画・実
注意: p.123: 番号「カ」が重複している（原本の誤植と思われる）: カ 相談窓口等の担当者と密接な連携を図り、医療安全対策に係る
注意: p.123: 番号「ア」が並びに合わない（直前は「カ」）→ 本文として扱った: ア 各部門における医療安全対策の実施状況の評価に基づき、医療
注意: p.123: 番号「イ」が並びに合わない（直前は「カ」）→ 本文として扱った: イ 医療安全管理対策委員会との連携状況、院内研修の実績、患者
注意: p.123: 番号「ウ」が並びに合わない（直前は「カ」）→ 本文として扱った: ウ 医療安全対策に係る取組の評価等を行うカンファレンスが週１
注意: p.125: 番号「ア」が並びに合わない（直前は「エ」）→ 本文として扱った: ア 国又は医療関係団体等が主催する研修であること（600 時
注意: p.125: 番号「イ」が並びに合わない（直前は「エ」）→ 本文として扱った: イ 感染管理のための専門的な知識・技術を有する看護師の養成を
注意: p.125: 番号「ウ」が並びに合わない（直前は「エ」）→ 本文として扱った: ウ 講義及び演習により、次の内容を含むものであること。
注意: p.126: 番号「ア」が並びに合わない（直前は「エ」）→ 本文として扱った: ア 感染症の診療について３年以上の経験を有する専任の常勤医師
注意: p.126: 番号「イ」が並びに合わない（直前は「エ」）→ 本文として扱った: イ ５年以上感染管理に従事した経験を有し、感染管理に係る適切
注意: p.126: 番号「ウ」が並びに合わない（直前は「エ」）→ 本文として扱った: ウ ３年以上の病院勤務経験を持つ感染症診療にかかわる専任の薬
注意: p.126: 番号「エ」が重複している（原本の誤植と思われる）: エ ３年以上の病院勤務経験を持つ微生物検査にかかわる専任の臨
注意: p.127: 番号「ア」が並びに合わない（直前は「エ」）→ 本文として扱った: ア 抗ＭＲＳＡ薬及び抗緑膿菌作用のある抗菌薬を含めた広域抗菌
注意: p.127: 番号「イ」が並びに合わない（直前は「エ」）→ 本文として扱った: イ 感染症治療の早期モニタリングにおいて、アで設定した対象患
注意: p.127: 番号「ウ」が並びに合わない（直前は「エ」）→ 本文として扱った: ウ 適切な検体採取と培養検査の提出（血液培養の複数セット採取
注意: p.127: 番号「エ」が重複している（原本の誤植と思われる）: エ 抗菌薬使用状況や血液培養複数セット提出率などのプロセス指
注意: p.128: 番号「ア」が並びに合わない（直前は「エ」）→ 本文として扱った: ア 国又は医療関係団体等が主催する研修であること（修了証が交
注意: p.128: 番号「イ」が並びに合わない（直前は「エ」）→ 本文として扱った: イ 医療機関における感染防止対策の推進を目的とした研修である
注意: p.128: 番号「ウ」が並びに合わない（直前は「エ」）→ 本文として扱った: ウ 講義により、次の内容を含むものであること。
注意: p.131: 番号「ア」が並びに合わない（直前は「シ」）→ 本文として扱った: ア 患者支援体制確保のため、(１)における相談窓口と各部門と
注意: p.131: 番号「イ」が並びに合わない（直前は「シ」）→ 本文として扱った: イ 各部門において、患者支援体制に係る担当者を配置しているこ
注意: p.131: 番号「ウ」が並びに合わない（直前は「シ」）→ 本文として扱った: ウ 患者支援に係る取組の評価等を行うカンファレンスが週１回程
注意: p.131: 番号「エ」が並びに合わない（直前は「シ」）→ 本文として扱った: エ 各部門において、患者等から相談を受けた場合の対応体制及び
注意: p.131: 番号「オ」が並びに合わない（直前は「シ」）→ 本文として扱った: オ (１)における相談窓口及び各部門で対応した患者等の相談件
注意: p.132: 番号「カ」が並びに合わない（直前は「シ」）→ 本文として扱った: カ 定期的に患者支援体制に関する取組みの見直しを行っているこ
注意: p.132: 番号「ア」が並びに合わない（直前は「シ」）→ 本文として扱った: ア 当該保険医療機関内に、当該患者及びその家族等が治療方針及
注意: p.132: 番号「イ」が並びに合わない（直前は「シ」）→ 本文として扱った: イ 入院時重症患者対応メディエーターは、当該患者の治療に直接
注意: p.132: 番号「ウ」が並びに合わない（直前は「シ」）→ 本文として扱った: ウ 当該患者及びその家族等に対する支援に係る取組の評価等を行
注意: p.132: 番号「エ」が並びに合わない（直前は「シ」）→ 本文として扱った: エ 当該患者及びその家族等に対する支援に係る対応体制及び報告
注意: p.132: 番号「オ」が並びに合わない（直前は「シ」）→ 本文として扱った: オ 当該患者及びその家族等に対する支援の内容その他必要な実績
注意: p.132: 番号「カ」が並びに合わない（直前は「シ」）→ 本文として扱った: カ 定期的に当該患者及びその家族等に対する支援体制に関する取
注意: p.133: 番号「ア」が並びに合わない（直前は「シ」）→ 本文として扱った: ア （４）の報告書確認管理者
注意: p.133: 番号「イ」が並びに合わない（直前は「シ」）→ 本文として扱った: イ 専ら画像診断を行う医師もしくは専ら病理診断を行う医師
注意: p.133: 番号「ウ」が並びに合わない（直前は「シ」）→ 本文として扱った: ウ 医療安全管理部門の医師その他医療有資格者
注意: p.133: 番号「ア」が並びに合わない（直前は「シ」）→ 本文として扱った: ア 報告書管理に係る企画立案を行うこと。
注意: p.133: 番号「イ」が並びに合わない（直前は「シ」）→ 本文として扱った: イ 報告書管理の体制確保のための各部門との調整を行うこと。
注意: p.133: 番号「ウ」が並びに合わない（直前は「シ」）→ 本文として扱った: ウ 各部門における報告書管理の支援を実施し、その結果を記録し
注意: p.133: 番号「エ」が並びに合わない（直前は「シ」）→ 本文として扱った: エ 報告書作成から概ね２週間後に、主治医等による当該報告書の
注意: p.133: 番号「オ」が並びに合わない（直前は「シ」）→ 本文として扱った: オ 未確認となっている報告書のうち、医学的な対応が必要とされ
注意: p.133: 番号「ア」が並びに合わない（直前は「シ」）→ 本文として扱った: ア 各部門における報告書管理の実施状況の評価を行い、実施状況
注意: p.133: 番号「イ」が並びに合わない（直前は「シ」）→ 本文として扱った: イ 報告書管理を目的とした院内研修を、少なくとも年１回程度実
注意: p.133: 番号「ウ」が並びに合わない（直前は「シ」）→ 本文として扱った: ウ 医療安全管理対策委員会との連携状況、院内研修の実績を記録
注意: p.133: 番号「エ」が並びに合わない（直前は「シ」）→ 本文として扱った: エ 報告書管理の評価に係るカンファレンスが月１回程度開催され
注意: p.137: 番号「ア」が並びに合わない（直前は「エ」）→ 本文として扱った: ア 国又は医療関係団体等が主催する研修（600 時間以上の研
注意: p.137: 番号「イ」が並びに合わない（直前は「エ」）→ 本文として扱った: イ 呼吸ケアに必要な専門的な知識・技術を有する看護師の養成を
注意: p.137: 番号「ウ」が並びに合わない（直前は「エ」）→ 本文として扱った: ウ 講義及び演習は、次の内容を含むものであること。
注意: p.137: 番号「エ」が重複している（原本の誤植と思われる）: エ 実習により、事例に基づくアセスメントと呼吸機能障害を有す
注意: p.137: 番号「ア」が並びに合わない（直前は「シ」）→ 本文として扱った: ア 麻酔に従事する常勤の医師（以下「麻酔科医」という。）
注意: p.138: 番号「イ」が並びに合わない（直前は「シ」）→ 本文として扱った: イ 術後疼痛管理に係る所定の研修を修了した専任の看護師
注意: p.138: 番号「ウ」が並びに合わない（直前は「シ」）→ 本文として扱った: ウ 術後疼痛管理に係る所定の研修を修了した専任の薬剤師
注意: p.138: 番号「ア」が並びに合わない（直前は「シ」）→ 本文として扱った: ア 医療関係団体等が主催する26時間以上の研修であって、当該
注意: p.138: 番号「イ」が並びに合わない（直前は「シ」）→ 本文として扱った: イ 術後疼痛管理のための専門的な知識・技術を有する看護師、薬
注意: p.139: 番号「ア」が並びに合わない（直前は「シ」）→ 本文として扱った: ア 経腸成分栄養剤
注意: p.139: 番号「イ」が並びに合わない（直前は「シ」）→ 本文として扱った: イ 特殊ミルク製剤
注意: p.139: 番号「ウ」が並びに合わない（直前は「シ」）→ 本文として扱った: ウ 生薬（薬効分類番号510）
注意: p.139: 番号「エ」が並びに合わない（直前は「シ」）→ 本文として扱った: エ 漢方製剤（薬効分類番号520）
注意: p.139: 番号「オ」が並びに合わない（直前は「シ」）→ 本文として扱った: オ その他の生薬及び漢方処方に基づく医薬品（薬効分類番号59
注意: p.140: 番号「ア」が並びに合わない（直前は「シ」）→ 本文として扱った: ア 次に掲げる成分について、当該保険医療機関において調剤した
注意: p.140: 番号「イ」が並びに合わない（直前は「シ」）→ 本文として扱った: イ 次に掲げる成分について、当該保険医療機関において調剤した
注意: p.141: 番号「ア」が並びに合わない（直前は「シ」）→ 本文として扱った: ア 当該保険医療機関における医薬品の投薬及び注射の状況（使用
注意: p.141: 番号「イ」が並びに合わない（直前は「シ」）→ 本文として扱った: イ 当該保険医療機関において発生した医薬品に係る副作用（医薬
注意: p.141: 番号「ウ」が並びに合わない（直前は「シ」）→ 本文として扱った: ウ 公的機関、医薬品製造販売業者、卸売販売業者、学術誌、医療
注意: p.142: 番号「ア」が並びに合わない（直前は「シ」）→ 本文として扱った: ア 当該保険医療機関は研修を計画的に実施するために、次のいず
注意: p.142: 番号「イ」が並びに合わない（直前は「シ」）→ 本文として扱った: イ 薬剤師として十分な病院勤務経験を有し、研修内容に関して指
注意: p.143: 番号「ウ」が並びに合わない（直前は「シ」）→ 本文として扱った: ウ 受講薬剤師の研修に対する理解及び修得の状況などを定期的に
注意: p.143: 番号「エ」が並びに合わない（直前は「シ」）→ 本文として扱った: エ 無菌製剤処理を行うための設備及び医薬品情報管理室等の設備
注意: p.143: 番号「オ」が並びに合わない（直前は「シ」）→ 本文として扱った: オ 調剤、病棟薬剤業務、チーム医療、医薬品情報管理等を広く修
注意: p.143: 番号「ア」が並びに合わない（直前は「シ」）→ 本文として扱った: ア 内服・外用・注射剤の調剤（医薬品（麻薬・毒薬・向精神薬）
注意: p.143: 番号「イ」が並びに合わない（直前は「シ」）→ 本文として扱った: イ 外来患者の薬学的管理（外来化学療法を実施するための治療室
注意: p.143: 番号「ウ」が並びに合わない（直前は「シ」）→ 本文として扱った: ウ 入院患者の薬学的管理（薬剤管理指導、病棟薬剤業務、入院時
注意: p.143: 番号「エ」が並びに合わない（直前は「シ」）→ 本文として扱った: エ 無菌製剤処理（レジメン鑑査を含む）
注意: p.143: 番号「オ」が並びに合わない（直前は「シ」）→ 本文として扱った: オ 医薬品情報管理
注意: p.143: 番号「カ」が並びに合わない（直前は「シ」）→ 本文として扱った: カ 薬剤の血中濃度測定の結果 に基づく投与量の管理
注意: p.143: 番号「キ」が並びに合わない（直前は「シ」）→ 本文として扱った: キ 手術室及び集中治療室等における薬学的管理
注意: p.143: 番号「ア」が並びに合わない（直前は「シ」）→ 本文として扱った: ア 出向先について、都道府県や二次医療圏などの個々の地域にお
注意: p.143: 番号「イ」が並びに合わない（直前は「シ」）→ 本文として扱った: イ アにおいて選定した出向先の保険医療機関及び都道府県におけ
注意: p.144: 番号「ウ」が並びに合わない（直前は「シ」）→ 本文として扱った: ウ ア及びイに基づき現に出向を実施していること。
注意: p.147: 番号「ア」が並びに合わない（直前は「シ」）→ 本文として扱った: ア 「イ 一般病棟入院基本料等の場合」の算定対象病床数（介護
注意: p.147: 番号「イ」が並びに合わない（直前は「シ」）→ 本文として扱った: イ 「イ 一般病棟入院基本料等の場合」の算定対象病床数（「Ａ
注意: p.147: 番号「ア」が並びに合わない（直前は「シ」）→ 本文として扱った: ア 国、都道府県又は医療関係団体等が主催する研修であること（
注意: p.148: 番号「イ」が並びに合わない（直前は「シ」）→ 本文として扱った: イ 小児の在宅移行支援に必要な専門的知識・技術を有する看護師
注意: p.148: 番号「ウ」が並びに合わない（直前は「シ」）→ 本文として扱った: ウ 講義及び演習は、次の内容について９時間以上含むものである
注意: p.149: 番号「ア」が並びに合わない（直前は「シ」）→ 本文として扱った: ア 医療関係団体等が実施するものであること。
注意: p.149: 番号「イ」が並びに合わない（直前は「シ」）→ 本文として扱った: イ 研修内容に高齢者に対する基本的な診察方法、高齢者の病態の
注意: p.149: 番号「ウ」が並びに合わない（直前は「シ」）→ 本文として扱った: ウ 研修内容に総合的な機能評価、薬物療法等のワークショップが
注意: p.149: 番号「エ」が並びに合わない（直前は「シ」）→ 本文として扱った: エ 研修期間は通算して16時間程度のものであること。
注意: p.149: 番号「ア」が並びに合わない（直前は「シ」）→ 本文として扱った: ア 当該入退院支援部門に、入退院支援及び地域連携業務に関する
注意: p.149: 番号「イ」が並びに合わない（直前は「シ」）→ 本文として扱った: イ 当該入退院支援部門に、入退院支援及び地域連携業務に関する
注意: p.150: 番号「ア」が並びに合わない（直前は「シ」）→ 本文として扱った: ア 以下の（イ）から（ホ）に掲げる、転院又は退院体制等につい
注意: p.150: 番号「イ」が並びに合わない（直前は「シ」）→ 本文として扱った: イ 直近１年間に、障害者の日常生活及び社会生活を総合的に支援
注意: p.151: 番号「ア」が並びに合わない（直前は「シ」）→ 本文として扱った: ア 認知症患者の診療について十分な経験を有する専任の常勤医師
注意: p.151: 番号「イ」が並びに合わない（直前は「シ」）→ 本文として扱った: イ 認知症患者の看護に従事した経験を５年以上有する看護師であ
注意: p.151: 番号「ウ」が並びに合わない（直前は「シ」）→ 本文として扱った: ウ 認知症患者等の退院調整について経験のある専任の常勤社会福
注意: p.151: 番号「ア」が並びに合わない（直前は「シ」）→ 本文として扱った: ア 国又は医療関係団体等が主催する研修であること（600 時
注意: p.151: 番号「イ」が並びに合わない（直前は「シ」）→ 本文として扱った: イ 認知症看護に必要な専門的知識・技術を有する看護師の養成を
注意: p.152: 番号「ウ」が並びに合わない（直前は「シ」）→ 本文として扱った: ウ 講義及び演習は、次の内容を含むものであること。
注意: p.152: 番号「エ」が並びに合わない（直前は「シ」）→ 本文として扱った: エ 実習により、事例に基づくアセスメントと認知症看護関連領域
注意: p.152: 番号「ア」が並びに合わない（直前は「シ」）→ 本文として扱った: ア 認知症患者のケアに係るカンファレンスが週１回程度開催され
注意: p.152: 番号「イ」が並びに合わない（直前は「シ」）→ 本文として扱った: イ チームは、週１回以上、各病棟を巡回し、病棟における認知症
注意: p.152: 番号「ウ」が並びに合わない（直前は「シ」）→ 本文として扱った: ウ チームにより、身体的拘束の実施基準や鎮静を目的とした薬物
注意: p.152: 番号「エ」が並びに合わない（直前は「シ」）→ 本文として扱った: エ せん妄のリスク因子の確認のためのチェックリスト及びせん妄
注意: p.152: 番号「オ」が並びに合わない（直前は「シ」）→ 本文として扱った: オ チームにより、認知症患者に関わる職員を対象として、認知症
注意: p.153: 番号「ア」が並びに合わない（直前は「シ」）→ 本文として扱った: ア 国、都道府県又は医療関係団体等が主催する研修であること（
注意: p.153: 番号「イ」が並びに合わない（直前は「シ」）→ 本文として扱った: イ 認知症看護に必要な専門的知識・技術を有する看護師の養成を
注意: p.153: 番号「ウ」が並びに合わない（直前は「シ」）→ 本文として扱った: ウ 講義及び演習は、次の内容について９時間以上含むものである
注意: p.154: 番号「ア」が並びに合わない（直前は「シ」）→ 本文として扱った: ア 「救急医療対策事業実施要綱」に定める第２「入院を要する（
注意: p.154: 番号「イ」が並びに合わない（直前は「シ」）→ 本文として扱った: イ アと同様に24時間の救急患者を受け入れている保険医療機関
注意: p.155: 番号「ア」が並びに合わない（直前は「シ」）→ 本文として扱った: ア 「救急医療対策事業実施要綱」に定める第２「入院を要する（
注意: p.155: 番号「イ」が並びに合わない（直前は「シ」）→ 本文として扱った: イ アと同様に24時間の救急患者を受け入れている保険医療機関
注意: p.156: 番号「ア」が並びに合わない（直前は「シ」）→ 本文として扱った: ア 下部尿路機能障害を有する患者の診療について経験を有する医
注意: p.156: 番号「イ」が並びに合わない（直前は「シ」）→ 本文として扱った: イ 下部尿路機能障害を有する患者の看護に従事した経験を３年以
注意: p.156: 番号「ウ」が並びに合わない（直前は「シ」）→ 本文として扱った: ウ 下部尿路機能障害を有する患者のリハビリテーション等の経験
注意: p.156: 番号「ア」が並びに合わない（直前は「シ」）→ 本文として扱った: ア 国又は医療関係団体等が主催する研修であること。
注意: p.156: 番号「イ」が並びに合わない（直前は「シ」）→ 本文として扱った: イ 下部尿路機能障害の病態、診断、治療、予防及びケアの内容が
注意: p.156: 番号「ウ」が並びに合わない（直前は「シ」）→ 本文として扱った: ウ 通算して６時間以上のものであること。
注意: p.156: 番号「ア」が並びに合わない（直前は「シ」）→ 本文として扱った: ア 国又は医療関係団体等が主催する研修であること。
注意: p.156: 番号「イ」が並びに合わない（直前は「シ」）→ 本文として扱った: イ 下部尿路機能障害の病態生理、その治療と予防、評価方法、排
注意: p.156: 番号「ウ」が並びに合わない（直前は「シ」）→ 本文として扱った: ウ 排尿日誌による評価、エコーを用いた残尿測定、排泄用具の使
注意: p.156: 番号「エ」が並びに合わない（直前は「シ」）→ 本文として扱った: エ 通算して16時間以上のものであること。
注意: p.157: 番号「ア」が並びに合わない（直前は「シ」）→ 本文として扱った: ア 救急医療に係る実績として、救急用の自動車又は救急医療用ヘ
注意: p.157: 番号「イ」が並びに合わない（直前は「シ」）→ 本文として扱った: イ 救急医療に係る実績として、救急用の自動車又は救急医療用ヘ
注意: p.157: 番号「ウ」が並びに合わない（直前は「シ」）→ 本文として扱った: ウ 「疾病・事業及び在宅医療に係る医療提供体制について」（平
注意: p.157: 番号「ア」が並びに合わない（直前は「シ」）→ 本文として扱った: ア 病院勤務医の負担の軽減及び処遇の改善のため、病院勤務医の
注意: p.157: 番号「イ」が並びに合わない（直前は「シ」）→ 本文として扱った: イ 病院勤務医の勤務時間及び当直を含めた夜間の勤務状況を把握
注意: p.157: 番号「ウ」が並びに合わない（直前は「シ」）→ 本文として扱った: ウ 当該保険医療機関内に、多職種からなる役割分担推進のための
注意: p.157: 番号「エ」が並びに合わない（直前は「シ」）→ 本文として扱った: エ 病院勤務医の負担の軽減及び処遇の改善に関する取組事項を当
注意: p.158: 番号「ア」が並びに合わない（直前は「シ」）→ 本文として扱った: ア 令和６年度においては、1785時間以下
注意: p.158: 番号「イ」が並びに合わない（直前は「シ」）→ 本文として扱った: イ 令和７年度においては、1710時間以下
注意: p.158: 番号「ア」が並びに合わない（直前は「シ」）→ 本文として扱った: ア 介護老人保健施設、介護医療院及び特別養護老人ホーム（以下
注意: p.158: 番号「イ」が並びに合わない（直前は「シ」）→ 本文として扱った: イ 協力医療機関である保険医療機関において、24 時間連絡を
注意: p.158: 番号「ウ」が並びに合わない（直前は「シ」）→ 本文として扱った: ウ 当該保険医療機関において、緊急時に介護保険施設等に入所す
注意: p.159: 番号「ア」が並びに合わない（直前は「シ」）→ 本文として扱った: ア 次のいずれにも該当していること。
注意: p.159: 番号「イ」が並びに合わない（直前は「シ」）→ 本文として扱った: イ 当該介護保険施設等と協力医療機関である保険医療機関におい
注意: p.167: 番号「ア」が並びに合わない（直前は「シ」）→ 本文として扱った: ア 救急蘇生装置（気管内挿管セット、人工呼吸装置等）
注意: p.167: 番号「イ」が並びに合わない（直前は「シ」）→ 本文として扱った: イ 除細動器
注意: p.167: 番号「ウ」が並びに合わない（直前は「シ」）→ 本文として扱った: ウ ペースメーカー
注意: p.167: 番号「エ」が並びに合わない（直前は「シ」）→ 本文として扱った: エ 心電計
注意: p.167: 番号「オ」が並びに合わない（直前は「シ」）→ 本文として扱った: オ ポータブルエックス線撮影装置
注意: p.167: 番号「カ」が並びに合わない（直前は「シ」）→ 本文として扱った: カ 呼吸循環監視装置
注意: p.169: 番号「ア」が並びに合わない（直前は「シ」）→ 本文として扱った: ア 国又は医療関係団体等が主催する研修であること（16時間以
注意: p.169: 番号「イ」が並びに合わない（直前は「シ」）→ 本文として扱った: イ 講義及び演習により次の内容を含むものであること。
注意: p.169: 番号「ウ」が並びに合わない（直前は「シ」）→ 本文として扱った: ウ 研修にはグループワークや、救急搬送された自殺企図後の患者
注意: p.170: 番号「ア」が並びに合わない（直前は「シ」）→ 本文として扱った: ア 集中治療に関する５年以上の経験を有する専任の医師
注意: p.170: 番号「イ」が並びに合わない（直前は「シ」）→ 本文として扱った: イ 集中治療を必要とする患者の看護に従事した経験を５年以上有
注意: p.170: 番号「ウ」が並びに合わない（直前は「シ」）→ 本文として扱った: ウ 急性期医療を提供する保険医療機関において５年以上従事した
注意: p.171: 番号「ア」が並びに合わない（直前は「シ」）→ 本文として扱った: ア 別添３の第19の１の(３)に規定する研修を修了し、栄養サ
注意: p.171: 番号「イ」が並びに合わない（直前は「シ」）→ 本文として扱った: イ 集中治療を必要とする患者の栄養管理に係る３年以上の経験を
注意: p.171: 番号「ア」が並びに合わない（直前は「シ」）→ 本文として扱った: ア 当該治療室への入室翌日までに入室患者全員の栄養スクリーニ
注意: p.171: 番号「イ」が並びに合わない（直前は「シ」）→ 本文として扱った: イ 腸管機能として腸蠕動音、鼓音及び腹部膨満等を確認するとと
注意: p.171: 番号「ウ」が並びに合わない（直前は「シ」）→ 本文として扱った: ウ 栄養管理に係る計画及び治療目的を多職種と共有し、アセスメ
注意: p.171: 番号「エ」が並びに合わない（直前は「シ」）→ 本文として扱った: エ 経腸栄養投与継続が困難と評価した場合は、担当医に報告し、
注意: p.171: 番号「オ」が並びに合わない（直前は「シ」）→ 本文として扱った: オ 経口摂取移行時においては、摂食嚥下機能について確認し、必
注意: p.172: 番号「ア」が並びに合わない（直前は「シ」）→ 本文として扱った: ア 国又は医療関係団体等が主催する 600 時間以上の研修（
注意: p.172: 番号「イ」が並びに合わない（直前は「シ」）→ 本文として扱った: イ 保健師助産師看護師法第 37 条の２第２項第５号に規定す
注意: p.172: 番号「ア」が並びに合わない（直前は「シ」）→ 本文として扱った: ア 重症患者の病態生理、全身管理の知識・看護
注意: p.172: 番号「イ」が並びに合わない（直前は「シ」）→ 本文として扱った: イ 人工呼吸器又は体外式膜型人工肺（ECMO）を用いた重症患
注意: p.174: 番号「ア」が並びに合わない（直前は「シ」）→ 本文として扱った: ア 救急蘇生装置（気管内挿管セット、人工呼吸装置等）
注意: p.174: 番号「イ」が並びに合わない（直前は「シ」）→ 本文として扱った: イ 除細動器
注意: p.174: 番号「ウ」が並びに合わない（直前は「シ」）→ 本文として扱った: ウ ペースメーカー
注意: p.174: 番号「エ」が並びに合わない（直前は「シ」）→ 本文として扱った: エ 心電計
注意: p.174: 番号「オ」が並びに合わない（直前は「シ」）→ 本文として扱った: オ ポータブルエックス線撮影装置
注意: p.174: 番号「カ」が並びに合わない（直前は「シ」）→ 本文として扱った: カ 呼吸循環監視装置
注意: p.174: 番号「ア」が並びに合わない（直前は「シ」）→ 本文として扱った: ア 経皮的酸素分圧監視装置又は経皮的動脈血酸素飽和度測定装置
注意: p.174: 番号「イ」が並びに合わない（直前は「シ」）→ 本文として扱った: イ 酸素濃度測定装置
注意: p.174: 番号「ウ」が並びに合わない（直前は「シ」）→ 本文として扱った: ウ 光線治療器
注意: p.176: 番号「ア」が並びに合わない（直前は「シ」）→ 本文として扱った: ア 集中治療に関する５年以上の経験を有する専任の医師
注意: p.176: 番号「イ」が並びに合わない（直前は「シ」）→ 本文として扱った: イ 集中治療を必要とする患者の看護に従事した経験を５年以上有
注意: p.176: 番号「ウ」が並びに合わない（直前は「シ」）→ 本文として扱った: ウ 急性期医療を提供する保険医療機関において５年以上従事した
注意: p.177: 番号「ア」が並びに合わない（直前は「シ」）→ 本文として扱った: ア 別添３の第19の１の(３)に規定する研修を修了し、栄養サ
注意: p.177: 番号「イ」が並びに合わない（直前は「シ」）→ 本文として扱った: イ 集中治療を必要とする患者の栄養管理に係る３年以上の経験を
注意: p.177: 番号「ア」が並びに合わない（直前は「シ」）→ 本文として扱った: ア 特定集中治療室への入室翌日までに入室患者全員の栄養スクリ
注意: p.177: 番号「イ」が並びに合わない（直前は「シ」）→ 本文として扱った: イ 腸管機能として腸蠕動音、鼓音及び腹部膨満等を確認するとと
注意: p.177: 番号「ウ」が並びに合わない（直前は「シ」）→ 本文として扱った: ウ 栄養管理に係る計画及び治療目的を多職種と共有し、アセスメ
注意: p.177: 番号「エ」が並びに合わない（直前は「シ」）→ 本文として扱った: エ 経腸栄養投与継続が困難と評価した場合は、担当医に報告し、
注意: p.177: 番号「オ」が並びに合わない（直前は「シ」）→ 本文として扱った: オ 経口摂取移行時においては、摂食嚥下機能について確認し、必
注意: p.178: 番号「ア」が並びに合わない（直前は「シ」）→ 本文として扱った: ア 国又は医療関係団体等が主催する 600 時間以上の研修（
注意: p.178: 番号「イ」が並びに合わない（直前は「シ」）→ 本文として扱った: イ 保健師助産師看護師法第37条の２第２項第５号に規定する指
注意: p.178: 番号「ア」が並びに合わない（直前は「シ」）→ 本文として扱った: ア 重症患者の病態生理、全身管理の知識・看護
注意: p.178: 番号「イ」が並びに合わない（直前は「シ」）→ 本文として扱った: イ 人工呼吸器又は体外式膜型人工肺（ECMO）を用いた重症患
注意: p.179: 番号「ア」が並びに合わない（直前は「シ」）→ 本文として扱った: ア 特定集中治療室管理料５又は特定集中治療室管理料６の届出を
注意: p.179: 番号「イ」が並びに合わない（直前は「シ」）→ 本文として扱った: イ 支援側医療機関から定期的に重症患者の治療に関する研修を受
注意: p.179: 番号「ウ」が並びに合わない（直前は「シ」）→ 本文として扱った: ウ 情報セキュリティに必要な体制を整備した上で、支援側による
注意: p.179: 番号「ア」が並びに合わない（直前は「シ」）→ 本文として扱った: ア 特定集中治療室管理料１又は特定集中治療室管理料２の届出を
注意: p.179: 番号「イ」が並びに合わない（直前は「シ」）→ 本文として扱った: イ 当該保険医療機関が支援する被支援側医療機関に、「基本診療
注意: p.179: 番号「ウ」が並びに合わない（直前は「シ」）→ 本文として扱った: ウ 特定集中治療の経験を５年以上有する医師又は集中治療を必要
注意: p.179: 番号「エ」が並びに合わない（直前は「シ」）→ 本文として扱った: エ 特定集中治療の経験を５年以上有する医師が、特定集中治療室
注意: p.179: 番号「オ」が並びに合わない（直前は「シ」）→ 本文として扱った: オ ウの職員数は、被支援側医寮機関の治療室における入院患者数
注意: p.179: 番号「カ」が並びに合わない（直前は「シ」）→ 本文として扱った: カ 被支援側医療機関に対して定期的に重症患者の治療に関する研
注意: p.180: 番号「キ」が並びに合わない（直前は「シ」）→ 本文として扱った: キ 情報セキュリティに必要な体制を整備した上で、被支援側医療
注意: p.181: 番号「ア」が並びに合わない（直前は「シ」）→ 本文として扱った: ア 救急蘇生装置（気管内挿管セット、人工呼吸装置等）
注意: p.181: 番号「イ」が並びに合わない（直前は「シ」）→ 本文として扱った: イ 除細動器
注意: p.181: 番号「ウ」が並びに合わない（直前は「シ」）→ 本文として扱った: ウ 心電計
注意: p.181: 番号「エ」が並びに合わない（直前は「シ」）→ 本文として扱った: エ 呼吸循環監視装置
注意: p.182: 番号「ア」が並びに合わない（直前は「シ」）→ 本文として扱った: ア 集中治療に関する５年以上の経験を有する専任の医師
注意: p.182: 番号「イ」が並びに合わない（直前は「シ」）→ 本文として扱った: イ 集中治療を必要とする患者の看護に従事した経験を５年以上有
注意: p.182: 番号「ウ」が並びに合わない（直前は「シ」）→ 本文として扱った: ウ 急性期医療を提供する保険医療機関において５年以上従事した
注意: p.183: 番号「ア」が並びに合わない（直前は「シ」）→ 本文として扱った: ア 別添３の第19の１の(３)に規定する研修を修了し、栄養サ
注意: p.183: 番号「イ」が並びに合わない（直前は「シ」）→ 本文として扱った: イ 集中治療を必要とする患者の栄養管理に係る３年以上の経験を
注意: p.183: 番号「ア」が並びに合わない（直前は「シ」）→ 本文として扱った: ア 当該治療室への入室翌日までに入室患者全員の栄養スクリーニ
注意: p.183: 番号「イ」が並びに合わない（直前は「シ」）→ 本文として扱った: イ 腸管機能として腸蠕動音、鼓音及び腹部膨満等を確認するとと
注意: p.183: 番号「ウ」が並びに合わない（直前は「シ」）→ 本文として扱った: ウ 栄養管理に係る計画及び治療目的を多職種と共有し、アセスメ
注意: p.183: 番号「エ」が並びに合わない（直前は「シ」）→ 本文として扱った: エ 経腸栄養投与継続が困難と評価した場合は、担当医に報告し、
注意: p.183: 番号「オ」が並びに合わない（直前は「シ」）→ 本文として扱った: オ 経口摂取移行時においては、摂食嚥下機能について確認し、必
注意: p.184: 番号「ア」が並びに合わない（直前は「シ」）→ 本文として扱った: ア 救急蘇生装置（気管内挿管セット、人工呼吸装置等）
注意: p.184: 番号「イ」が並びに合わない（直前は「シ」）→ 本文として扱った: イ 除細動器
注意: p.184: 番号「ウ」が並びに合わない（直前は「シ」）→ 本文として扱った: ウ 心電計
注意: p.184: 番号「エ」が並びに合わない（直前は「シ」）→ 本文として扱った: エ 呼吸循環監視装置
注意: p.185: 番号「ア」が並びに合わない（直前は「シ」）→ 本文として扱った: ア 集中治療に関する５年以上の経験を有する専任の医師
注意: p.185: 番号「イ」が並びに合わない（直前は「シ」）→ 本文として扱った: イ 集中治療を必要とする患者の看護に従事した経験を５年以上有
注意: p.185: 番号「ウ」が並びに合わない（直前は「シ」）→ 本文として扱った: ウ 急性期医療を提供する保険医療機関において５年以上従事した
注意: p.186: 番号「ア」が並びに合わない（直前は「シ」）→ 本文として扱った: ア 別添３の第19の１の(３)に規定する研修を修了し、栄養サ
注意: p.186: 番号「イ」が並びに合わない（直前は「シ」）→ 本文として扱った: イ 集中治療を必要とする患者の栄養管理に係る３年以上の経験を
注意: p.186: 番号「ア」が並びに合わない（直前は「シ」）→ 本文として扱った: ア 当該治療室への入室翌日までに入室患者全員の栄養スクリーニ
注意: p.186: 番号「イ」が並びに合わない（直前は「シ」）→ 本文として扱った: イ 腸管機能として腸蠕動音、鼓音及び腹部膨満等を確認するとと
注意: p.186: 番号「ウ」が並びに合わない（直前は「シ」）→ 本文として扱った: ウ 栄養管理に係る計画及び治療目的を多職種と共有し、アセスメ
注意: p.186: 番号「エ」が並びに合わない（直前は「シ」）→ 本文として扱った: エ 経腸栄養投与継続が困難と評価した場合は、担当医に報告し、
注意: p.186: 番号「オ」が並びに合わない（直前は「シ」）→ 本文として扱った: オ 経口摂取移行時においては、摂食嚥下機能について確認し、必
注意: p.187: 番号「ア」が並びに合わない（直前は「シ」）→ 本文として扱った: ア 救急蘇生装置（気管内挿管セット、人工呼吸装置等）
注意: p.187: 番号「イ」が並びに合わない（直前は「シ」）→ 本文として扱った: イ 除細動器
注意: p.187: 番号「ウ」が並びに合わない（直前は「シ」）→ 本文として扱った: ウ ペースメーカー
注意: p.187: 番号「エ」が並びに合わない（直前は「シ」）→ 本文として扱った: エ 心電計
注意: p.187: 番号「オ」が並びに合わない（直前は「シ」）→ 本文として扱った: オ ポータブルエックス線撮影装置
注意: p.187: 番号「カ」が並びに合わない（直前は「シ」）→ 本文として扱った: カ 呼吸循環監視装置
注意: p.187: 番号「キ」が並びに合わない（直前は「シ」）→ 本文として扱った: キ 体外補助循環装置
注意: p.187: 番号「ク」が並びに合わない（直前は「シ」）→ 本文として扱った: ク 急性血液浄化療法に必要な装置
注意: p.187: 番号「ア」が並びに合わない（直前は「シ」）→ 本文として扱った: ア 当該治療室において、他の保険医療機関から転院してきた急性
注意: p.187: 番号「イ」が並びに合わない（直前は「シ」）→ 本文として扱った: イ 当該治療室において、他の保険医療機関から転院してきた患者
注意: p.188: 番号「ウ」が並びに合わない（直前は「シ」）→ 本文として扱った: ウ 当該治療室において、人工心肺を用いた先天性心疾患手術の周
注意: p.188: 番号「ア」が並びに合わない（直前は「シ」）→ 本文として扱った: ア 小児の集中治療に関する５年以上の経験を有する専任の医師
注意: p.188: 番号「イ」が並びに合わない（直前は「シ」）→ 本文として扱った: イ 集中治療を必要とする患者の看護に従事した経験を５年以上有
注意: p.188: 番号「ウ」が並びに合わない（直前は「シ」）→ 本文として扱った: ウ 急性期医療を提供する保険医療機関において５年以上従事した
注意: p.189: 番号「ア」が並びに合わない（直前は「シ」）→ 本文として扱った: ア 別添３の第19の１の(３)に規定する研修を修了し、栄養サ
注意: p.189: 番号「イ」が並びに合わない（直前は「シ」）→ 本文として扱った: イ 集中治療を必要とする患者の栄養管理に係る３年以上の経験を
注意: p.189: 番号「ア」が並びに合わない（直前は「シ」）→ 本文として扱った: ア 当該治療室への入室翌日までに入室患者全員の栄養スクリーニ
注意: p.189: 番号「イ」が並びに合わない（直前は「シ」）→ 本文として扱った: イ 腸管機能として腸蠕動音、鼓音及び腹部膨満等を確認するとと
注意: p.189: 番号「ウ」が並びに合わない（直前は「シ」）→ 本文として扱った: ウ 栄養管理に係る計画及び治療目的を多職種と共有し、アセスメ
注意: p.189: 番号「エ」が並びに合わない（直前は「シ」）→ 本文として扱った: エ 経腸栄養投与継続が困難と評価した場合は、担当医に報告し、
注意: p.189: 番号「オ」が並びに合わない（直前は「シ」）→ 本文として扱った: オ 経口摂取移行時においては、摂食嚥下機能について確認し、必
注意: p.190: 番号「ア」が並びに合わない（直前は「シ」）→ 本文として扱った: ア 救急蘇生装置（気管内挿管セット）
注意: p.190: 番号「イ」が並びに合わない（直前は「シ」）→ 本文として扱った: イ 新生児用呼吸循環監視装置
注意: p.190: 番号「ウ」が並びに合わない（直前は「シ」）→ 本文として扱った: ウ 新生児用人工換気装置
注意: p.190: 番号「エ」が並びに合わない（直前は「シ」）→ 本文として扱った: エ 微量輸液装置
注意: p.190: 番号「オ」が並びに合わない（直前は「シ」）→ 本文として扱った: オ 経皮的酸素分圧監視装置又は経皮的動脈血酸素飽和度測定装置
注意: p.190: 番号「カ」が並びに合わない（直前は「シ」）→ 本文として扱った: カ 酸素濃度測定装置
注意: p.190: 番号「キ」が並びに合わない（直前は「シ」）→ 本文として扱った: キ 光線治療器
注意: p.190: 番号「ア」が並びに合わない（直前は「シ」）→ 本文として扱った: ア 直近１年間の出生体重 1,000 グラム未満の新生児の新
注意: p.190: 番号「イ」が並びに合わない（直前は「シ」）→ 本文として扱った: イ 直近１年間の当該治療室に入院している患者について行った開
注意: p.192: 番号「ア」が並びに合わない（直前は「シ」）→ 本文として扱った: ア 直近１年間の出生体重 750 グラム未満の新生児の新規入
注意: p.192: 番号「イ」が並びに合わない（直前は「シ」）→ 本文として扱った: イ 直近１年間の当該治療室に入院している患者について行った開
注意: p.192: 番号「ウ」が並びに合わない（直前は「シ」）→ 本文として扱った: ウ 直近１年間経鼻的持続陽圧呼吸療法を除く人工呼吸管理を要す
注意: p.192: 番号「ア」が並びに合わない（直前は「シ」）→ 本文として扱った: ア 「疾病・事業及び在宅医療に係る医療提供体制について」（令
注意: p.192: 番号「イ」が並びに合わない（直前は「シ」）→ 本文として扱った: イ 以下のいずれかを満たすこと
注意: p.192: 番号「①」が並びに合わない（直前は「⑥」）→ 本文として扱った: ① 専任の医師が常時、母体・胎児集中治療室内に勤務しているこ
注意: p.192: 番号「②」が並びに合わない（直前は「⑥」）→ 本文として扱った: ② 専ら産婦人科又は産科に従事する医師（宿日直を行う医師を含
注意: p.193: 番号「ウ」が並びに合わない（直前は「シ」）→ 本文として扱った: ウ 母体・胎児集中治療室管理を行うにふさわしい専用の母体・胎
注意: p.193: 番号「エ」が並びに合わない（直前は「シ」）→ 本文として扱った: エ 帝王切開術が必要な場合、30 分以内に児の娩出が可能とな
注意: p.193: 番号「オ」が並びに合わない（直前は「シ」）→ 本文として扱った: オ 当該管理を行うために必要な次に掲げる装置及び器具を母体・
注意: p.193: 番号「カ」が並びに合わない（直前は「シ」）→ 本文として扱った: カ 自家発電装置を有している病院であって、当該病院において電
注意: p.193: 番号「キ」が並びに合わない（直前は「シ」）→ 本文として扱った: キ 当該治療室内に、手術室と同程度の空気清浄度を有する個室及
注意: p.193: 番号「ク」が並びに合わない（直前は「シ」）→ 本文として扱った: ク 当該治療室勤務の看護師は、当該治療室に勤務している時間帯
注意: p.193: 番号「ケ」が並びに合わない（直前は「シ」）→ 本文として扱った: ケ 第５の１の(８)を満たしていること。
注意: p.193: 番号「ア」が並びに合わない（直前は「シ」）→ 本文として扱った: ア 「疾病・事業及び在宅医療に係る医療提供体制について」（令
注意: p.193: 番号「イ」が並びに合わない（直前は「シ」）→ 本文として扱った: イ 第５の１の(１)から(８)までを全て満たしていること。
注意: p.193: 番号「ウ」が並びに合わない（直前は「シ」）→ 本文として扱った: ウ 当該治療室に病床が６床以上設置されていること。
注意: p.194: 番号「ア」が並びに合わない（直前は「シ」）→ 本文として扱った: ア 救急蘇生装置（気管内挿管セット）
注意: p.194: 番号「イ」が並びに合わない（直前は「シ」）→ 本文として扱った: イ 新生児用呼吸循環監視装置
注意: p.194: 番号「ウ」が並びに合わない（直前は「シ」）→ 本文として扱った: ウ 新生児用人工換気装置
注意: p.194: 番号「エ」が並びに合わない（直前は「シ」）→ 本文として扱った: エ 微量輸液装置
注意: p.194: 番号「オ」が並びに合わない（直前は「シ」）→ 本文として扱った: オ 経皮的酸素分圧監視装置又は経皮的動脈血酸素飽和度測定装置
注意: p.194: 番号「カ」が並びに合わない（直前は「シ」）→ 本文として扱った: カ 酸素濃度測定装置
注意: p.194: 番号「キ」が並びに合わない（直前は「シ」）→ 本文として扱った: キ 光線治療器
注意: p.196: 番号「ア」が並びに合わない（直前は「シ」）→ 本文として扱った: ア 直近６か月間において、当該病棟から退院又は転棟した患者数
注意: p.196: 番号「①」が並びに合わない（直前は「⑥」）→ 本文として扱った: ① 他の保険医療機関（有床診療所入院基本料（別添２の第３の５
注意: p.197: 番号「②」が並びに合わない（直前は「⑥」）→ 本文として扱った: ② 介護老人保健施設（介護保健施設サービス費（Ⅱ）、（Ⅲ）若
注意: p.197: 番号「③」が並びに合わない（直前は「⑥」）→ 本文として扱った: ③ 同一の保険医療機関の当該入院料にかかる病棟以外の病棟又は
注意: p.197: 番号「イ」が並びに合わない（直前は「シ」）→ 本文として扱った: イ 直近６か月間に退院又は転棟した患者数（第２部「通則５」に
注意: p.197: 番号「ア」が並びに合わない（直前は「シ」）→ 本文として扱った: ア 医療法第30条の４の規定に基づき都道府県が作成する医療計
注意: p.197: 番号「イ」が並びに合わない（直前は「シ」）→ 本文として扱った: イ 救急病院等を定める省令に基づき認定された救急病院であるこ
注意: p.198: 番号「ア」が並びに合わない（直前は「シ」）→ 本文として扱った: ア 看護補助体制加算に係る看護補助業務に従事する看護補助者は
注意: p.198: 番号「イ」が並びに合わない（直前は「シ」）→ 本文として扱った: イ 当該病棟において、看護職員と看護補助者との業務内容及び業
注意: p.198: 番号「ウ」が並びに合わない（直前は「シ」）→ 本文として扱った: ウ 当該病棟の看護師長等が所定の研修（修了証が交付されるもの
注意: p.198: 番号「エ」が並びに合わない（直前は「シ」）→ 本文として扱った: エ 看護補助者の配置については、各病棟の入院患者の状態等保険
注意: p.198: 番号「オ」が並びに合わない（直前は「シ」）→ 本文として扱った: オ 看護職員の負担の軽減及び処遇の改善に資する体制を整備して
注意: p.198: 番号「ア」が並びに合わない（直前は「シ」）→ 本文として扱った: ア 当該病棟において、１日に看護補助を行う看護補助者の数は、
注意: p.198: 番号「イ」が並びに合わない（直前は「シ」）→ 本文として扱った: イ 当該加算の届出に必要な看護補助者の最小必要数の５割以上が
注意: p.198: 番号「ア」が並びに合わない（直前は「シ」）→ 本文として扱った: ア 当該病棟において、１日に看護補助業務を行う看護補助者の数
注意: p.198: 番号「イ」が並びに合わない（直前は「シ」）→ 本文として扱った: イ 当該病棟において、届出の対象となる看護補助者の最小必要数
注意: p.199: 番号「ア」が並びに合わない（直前は「シ」）→ 本文として扱った: ア 当該病棟において、夜勤を含む交代制勤務に従事する看護要員
注意: p.199: 番号「イ」が並びに合わない（直前は「シ」）→ 本文として扱った: イ ３交代制勤務又は変則３交代制勤務の病棟において、夜勤を含
注意: p.199: 番号「ウ」が並びに合わない（直前は「シ」）→ 本文として扱った: ウ 当該病棟において、夜勤を含む交代制勤務に従事する看護要員
注意: p.199: 番号「エ」が並びに合わない（直前は「シ」）→ 本文として扱った: エ 当該病棟において、夜勤を含む交代制勤務に従事する看護要員
注意: p.200: 番号「オ」が並びに合わない（直前は「シ」）→ 本文として扱った: オ 当該病棟において、夜勤時間帯の患者のニーズに対応できるよ
注意: p.200: 番号「カ」が並びに合わない（直前は「シ」）→ 本文として扱った: カ 当該保険医療機関において、所属部署以外の部署を一時的に支
注意: p.200: 番号「キ」が並びに合わない（直前は「シ」）→ 本文として扱った: キ 当該病棟において、みなし看護補助者を除いた看護補助者の比
注意: p.200: 番号「ク」が並びに合わない（直前は「シ」）→ 本文として扱った: ク 当該保険医療機関において、夜勤時間帯を含めて開所している
注意: p.200: 番号「ケ」が並びに合わない（直前は「シ」）→ 本文として扱った: ケ 当該病棟において、ＩＣＴ、ＡＩ、ＩｏＴ等の活用によって、
注意: p.200: 番号「ア」が並びに合わない（直前は「シ」）→ 本文として扱った: ア 当該保険医療機関において３年以上の看護補助者としての勤務
注意: p.200: 番号「イ」が並びに合わない（直前は「シ」）→ 本文として扱った: イ 主として直接患者に対し療養生活上の世話を行う看護補助者の
注意: p.200: 番号「ウ」が並びに合わない（直前は「シ」）→ 本文として扱った: ウ 看護補助体制充実加算に係る看護補助者に対する院内研修の内
注意: p.200: 番号「エ」が並びに合わない（直前は「シ」）→ 本文として扱った: エ 当該病棟の看護師長等は所定の研修を修了していること。また
注意: p.200: 番号「オ」が並びに合わない（直前は「シ」）→ 本文として扱った: オ 当該保険医療機関における看護補助者の業務に必要な能力を段
注意: p.201: 番号「ア」が並びに合わない（直前は「シ」）→ 本文として扱った: ア 当該病棟において、夜間に看護を行う看護職員の数は、常時、
注意: p.201: 番号「イ」が並びに合わない（直前は「シ」）→ 本文として扱った: イ 看護職員の負担の軽減及び処遇の改善に資する体制を整備して
注意: p.201: 番号「ウ」が並びに合わない（直前は「シ」）→ 本文として扱った: ウ 次に掲げる夜間における看護業務の負担軽減に資する業務管理
注意: p.202: 番号「ア」が並びに合わない（直前は「シ」）→ 本文として扱った: ア (１)のイ及びウを満たすものであること。
注意: p.202: 番号「イ」が並びに合わない（直前は「シ」）→ 本文として扱った: イ 当該病棟において、夜間に看護を行う看護職員の数は、常時、
注意: p.202: 番号「ア」が並びに合わない（直前は「シ」）→ 本文として扱った: ア リハビリテーション医療に関する３年以上の経験を有している
注意: p.202: 番号「イ」が並びに合わない（直前は「シ」）→ 本文として扱った: イ 適切なリハビリテーション、栄養管理、口腔管理に係る研修を
注意: p.202: 番号「ア」が並びに合わない（直前は「シ」）→ 本文として扱った: ア リハビリテーション概論について（急性期リハビリテーション
注意: p.202: 番号「イ」が並びに合わない（直前は「シ」）→ 本文として扱った: イ リハビリテーション評価法について（評価の意義、急性期リハ
注意: p.202: 番号「ウ」が並びに合わない（直前は「シ」）→ 本文として扱った: ウ リハビリテーション治療法について（運動療法、作業療法、言
注意: p.202: 番号「エ」が並びに合わない（直前は「シ」）→ 本文として扱った: エ リハビリテーション処方について（リハビリテーション処方の
注意: p.202: 番号「オ」が並びに合わない（直前は「シ」）→ 本文として扱った: オ 高齢者リハビリテーションについて（廃用症候群とその予防を
注意: p.202: 番号「カ」が並びに合わない（直前は「シ」）→ 本文として扱った: カ 脳・神経系疾患（急性期）に対するリハビリテーションについ
注意: p.202: 番号「キ」が並びに合わない（直前は「シ」）→ 本文として扱った: キ 心臓疾患（CCU でのリハビリテーションを含む。）に対す
注意: p.202: 番号「ク」が並びに合わない（直前は「シ」）→ 本文として扱った: ク 呼吸器疾患に対するリハビリテーションについて
注意: p.203: 番号「ケ」が並びに合わない（直前は「シ」）→ 本文として扱った: ケ 運動器系疾患のリハビリテーションについて
注意: p.203: 番号「コ」が並びに合わない（直前は「シ」）→ 本文として扱った: コ 周術期におけるリハビリテーションについて（ICUでのリハ
注意: p.203: 番号「サ」が並びに合わない（直前は「シ」）→ 本文として扱った: サ 急性期における栄養状態の評価（GLIM基準を含む。）、栄
注意: p.203: 番号「シ」が重複している（原本の誤植と思われる）: シ 急性期における口腔状態の評価、口腔ケア、医科歯科連携につ
注意: p.203: 番号「ア」が並びに合わない（直前は「シ」）→ 本文として扱った: ア 直近１年間に、当該病棟への入棟後３日（入棟日の翌々日）ま
注意: p.203: 番号「イ」が並びに合わない（直前は「シ」）→ 本文として扱った: イ 直近１年間に、当該病棟の入棟患者に対する土日祝日における
注意: p.203: 番号「ウ」が並びに合わない（直前は「シ」）→ 本文として扱った: ウ 直近１年間に、当該病棟を退院又は転棟した患者（死亡退院及
注意: p.203: 番号「エ」が並びに合わない（直前は「シ」）→ 本文として扱った: エ 当該病棟の入院患者のうち、院内で発生した褥瘡（DESIG
注意: p.204: 番号「ア」が並びに合わない（直前は「シ」）→ 本文として扱った: ア 意識障害レベルがＪＣＳ(Japan Coma Scale
注意: p.204: 番号「イ」が並びに合わない（直前は「シ」）→ 本文として扱った: イ 無動症の患者（閉じ込め症候群、無動性無言、失外套症候群等
注意: p.205: 番号「ア」が並びに合わない（直前は「シ」）→ 本文として扱った: ア 新生児及び６歳未満の乳幼児の入院を伴う手術件数が年間20
注意: p.205: 番号「イ」が並びに合わない（直前は「シ」）→ 本文として扱った: イ 「Ａ３０１」特定集中治療室管理料、「Ａ３０１－４」小児特
注意: p.205: 番号「ウ」が並びに合わない（直前は「シ」）→ 本文として扱った: ウ 年間の小児緊急入院患者数が 800 件以上であること。な
注意: p.206: 番号「ア」が並びに合わない（直前は「シ」）→ 本文として扱った: ア 小児入院医療管理料３を算定する病床を集めて区域特定する等
注意: p.206: 番号「イ」が並びに合わない（直前は「シ」）→ 本文として扱った: イ アの区域特定した病床における夜勤については、看護職員を２
注意: p.206: 番号「ア」が並びに合わない（直前は「シ」）→ 本文として扱った: ア 当該病棟に小児入院患者を専ら対象とする常勤の保育士が１名
注意: p.206: 番号「イ」が並びに合わない（直前は「シ」）→ 本文として扱った: イ 内法による測定で30平方メートルのプレイルームがあること
注意: p.206: 番号「ウ」が並びに合わない（直前は「シ」）→ 本文として扱った: ウ プレイルーム内には、入院中の小児の成長発達に合わせた遊具
注意: p.206: 番号「ア」が並びに合わない（直前は「シ」）→ 本文として扱った: ア 当該病棟に小児入院患者を専ら対象とする常勤の保育士が２名
注意: p.206: 番号「イ」が並びに合わない（直前は「シ」）→ 本文として扱った: イ 当該保育士について、当該病棟に入院する小児の患者の特性や
注意: p.206: 番号「ウ」が並びに合わない（直前は「シ」）→ 本文として扱った: ウ (１)のイ及びウを満たすものであること。
注意: p.206: 番号「ア」が並びに合わない（直前は「シ」）→ 本文として扱った: ア 小児入院医療管理料３、４又は５を届け出ている保険医療機関
注意: p.206: 番号「イ」が並びに合わない（直前は「シ」）→ 本文として扱った: イ 当該病棟に小児入院患者を専ら対象とする常勤の保育士が１名
注意: p.206: 番号「ウ」が並びに合わない（直前は「シ」）→ 本文として扱った: ウ 内法による測定で 30 平方メートルのプレイルームがある
注意: p.207: 番号「エ」が並びに合わない（直前は「シ」）→ 本文として扱った: エ プレイルーム内には、入院中の小児の成長発達に合わせた遊具
注意: p.207: 番号「オ」が並びに合わない（直前は「シ」）→ 本文として扱った: オ 当該病棟において、他の保険医療機関から転院してきた患者（
注意: p.207: 番号「カ」が並びに合わない（直前は「シ」）→ 本文として扱った: カ 当該病棟において、15 歳未満の超重症児又は準超重症児（
注意: p.207: 番号「ア」が並びに合わない（直前は「シ」）→ 本文として扱った: ア 当該病棟に小児入院患者を専ら対象とする常勤の保育士が２名
注意: p.207: 番号「イ」が並びに合わない（直前は「シ」）→ 本文として扱った: イ 当該保育士について、当該病棟に入院する小児の患者の特性や
注意: p.207: 番号「ウ」が並びに合わない（直前は「シ」）→ 本文として扱った: ウ (１)のア及びウからカまでを満たすものであること。
注意: p.207: 番号「ア」が並びに合わない（直前は「シ」）→ 本文として扱った: ア 当該保険医療機関において自家発電装置を有していること。
注意: p.207: 番号「イ」が並びに合わない（直前は「シ」）→ 本文として扱った: イ 滅菌水の供給が常時可能であること。
注意: p.207: 番号「ウ」が並びに合わない（直前は「シ」）→ 本文として扱った: ウ 個室であること。
注意: p.207: 番号「エ」が並びに合わない（直前は「シ」）→ 本文として扱った: エ 室内の空気清浄度が、患者に対し無菌治療室管理を行っている
注意: p.207: 番号「オ」が並びに合わない（直前は「シ」）→ 本文として扱った: オ 当該治療室の空調設備が垂直層流方式、水平層流方式又はその
注意: p.207: 番号「ア」が並びに合わない（直前は「シ」）→ 本文として扱った: ア 室内の空気清浄度が、患者に対し無菌治療室管理を行っている
注意: p.207: 番号「イ」が並びに合わない（直前は「シ」）→ 本文として扱った: イ (１)のア及びイを満たしていること。
注意: p.207: 番号「ア」が並びに合わない（直前は「シ」）→ 本文として扱った: ア 小児医療に関する十分な経験を有する専任の常勤医師
注意: p.207: 番号「イ」が並びに合わない（直前は「シ」）→ 本文として扱った: イ 小児患者の看護に従事する専任の常勤看護師
注意: p.207: 番号「ウ」が並びに合わない（直前は「シ」）→ 本文として扱った: ウ 小児患者の支援に係る経験を有する専任の常勤社会福祉士
注意: p.208: 番号「ア」が並びに合わない（直前は「シ」）→ 本文として扱った: ア 養育支援に関するプロトコルを整備していること。なお、当該
注意: p.208: 番号「イ」が並びに合わない（直前は「シ」）→ 本文として扱った: イ 虐待等不適切な養育が疑われる小児患者が発見された場合に、
注意: p.208: 番号「ウ」が並びに合わない（直前は「シ」）→ 本文として扱った: ウ 虐待等不適切な養育が疑われる小児患者が発見された場合に、
注意: p.208: 番号「エ」が並びに合わない（直前は「シ」）→ 本文として扱った: エ 虐待等不適切な養育が疑われた症例を把握・分析し、養育支援
注意: p.208: 番号「オ」が並びに合わない（直前は「シ」）→ 本文として扱った: オ 養育支援体制を確保するための職員研修を企画・実施すること
注意: p.208: 番号「ア」が並びに合わない（直前は「シ」）→ 本文として扱った: ア 小児入院医療管理料１を算定する病棟であること。
注意: p.208: 番号「イ」が並びに合わない（直前は「シ」）→ 本文として扱った: イ 当該保険医療機関において、15 歳未満の時間外における緊
注意: p.208: 番号「ウ」が並びに合わない（直前は「シ」）→ 本文として扱った: ウ 次に掲げる夜間における看護業務の負担軽減に資する業務管理
注意: p.209: 番号「ア」が並びに合わない（直前は「シ」）→ 本文として扱った: ア 小児入院医療管理料２を算定する病棟であること。
注意: p.209: 番号「イ」が並びに合わない（直前は「シ」）→ 本文として扱った: イ 当該保険医療機関において、15 歳未満の時間外における緊
注意: p.209: 番号「ウ」が並びに合わない（直前は「シ」）→ 本文として扱った: ウ (１)のウを満たしていること。
注意: p.210: 番号「ア」が並びに合わない（直前は「シ」）→ 本文として扱った: ア 国又は医療関係団体等が主催する研修であること（１日程度）
注意: p.210: 番号「イ」が並びに合わない（直前は「シ」）→ 本文として扱った: イ 講義及び演習により、次の項目を行う研修であること
注意: p.211: 番号「ア」が並びに合わない（直前は「シ」）→ 本文として扱った: ア 直近１か月間に回復期リハビリテーション病棟又は病室に入院
注意: p.211: 番号「イ」が並びに合わない（直前は「シ」）→ 本文として扱った: イ 直近１か月間に回復期リハビリテーション病棟又は病室に入院
注意: p.211: 番号「ア」が並びに合わない（直前は「シ」）→ 本文として扱った: ア 直近６か月間に退院した患者数（第２部通則５に規定する入院
注意: p.211: 番号「イ」が並びに合わない（直前は「シ」）→ 本文として扱った: イ 直近６か月間に退院した患者数（第２部通則５に規定する入院
注意: p.211: 番号「ア」が並びに合わない（直前は「シ」）→ 本文として扱った: ア 前月までの３か月間に当該保険医療機関の回復期リハビリテー
注意: p.212: 番号「イ」が並びに合わない（直前は「シ」）→ 本文として扱った: イ 回復期リハビリテーション病棟又は病室における直近のリハビ
注意: p.212: 番号「ア」が並びに合わない（直前は「シ」）→ 本文として扱った: ア 届出を行う月及び各年度４月、７月、10 月及び１月に算出
注意: p.213: 番号「イ」が並びに合わない（直前は「シ」）→ 本文として扱った: イ 当該保険医療機関において、前月に、外来患者に対するリハビ
注意: p.213: 番号「ア」が並びに合わない（直前は「シ」）→ 本文として扱った: ア 直近６か月間に当該回復期リハビリテーション病棟に新たに入
注意: p.213: 番号「イ」が並びに合わない（直前は「シ」）→ 本文として扱った: イ 直近６か月間に当該回復期リハビリテーション病棟に新たに入
注意: p.214: 番号「ア」が並びに合わない（直前は「シ」）→ 本文として扱った: ア 届出を行う月及び各年度４月、７月、10 月及び１月に算出
注意: p.215: 番号「イ」が並びに合わない（直前は「シ」）→ 本文として扱った: イ 当該保険医療機関において、前月に、外来患者に対するリハビ
注意: p.215: 番号「ア」が並びに合わない（直前は「シ」）→ 本文として扱った: ア 重症の患者が新規入院患者のうち３割以上であること。
注意: p.215: 番号「イ」が並びに合わない（直前は「シ」）→ 本文として扱った: イ 直近６か月間に当該病棟を退院した患者であって、入院時の判
注意: p.216: 番号「ア」が並びに合わない（直前は「シ」）→ 本文として扱った: ア 届出を行う月及び各年度４月、７月、10 月及び１月に算出
注意: p.216: 番号「イ」が並びに合わない（直前は「シ」）→ 本文として扱った: イ 当該保険医療機関において、前月に、外来患者に対するリハビ
注意: p.216: 番号「ア」が並びに合わない（直前は「シ」）→ 本文として扱った: ア 別表第六の二に掲げる地域に所在する医療機関であって、当該
注意: p.216: 番号「イ」が並びに合わない（直前は「シ」）→ 本文として扱った: イ 当該病室において、新規入棟患者のうち４割以上が別表第九に
注意: p.220: 番号「ア」が並びに合わない（直前は「シ」）→ 本文として扱った: ア 特掲診療料施設基準通知の別添１の第14の２に規定する在宅
注意: p.220: 番号「イ」が並びに合わない（直前は「シ」）→ 本文として扱った: イ 特掲診療料施設基準通知の別添１の第16の３に規定する在宅
注意: p.220: 番号「ウ」が並びに合わない（直前は「シ」）→ 本文として扱った: ウ 医療法第30条の４の規定に基づき都道府県が作成する医療計
注意: p.220: 番号「エ」が並びに合わない（直前は「シ」）→ 本文として扱った: エ 救急病院等を定める省令に基づき認定された救急病院であるこ
注意: p.220: 番号「オ」が並びに合わない（直前は「シ」）→ 本文として扱った: オ 訪問看護ステーションが当該保険医療機関と同一の敷地内に設
注意: p.221: 番号「ア」が並びに合わない（直前は「シ」）→ 本文として扱った: ア 直近６か月間において、当該病棟から退院又は転棟した患者数
注意: p.221: 番号「①」が並びに合わない（直前は「⑥」）→ 本文として扱った: ① 他の保険医療機関（有床診療所入院基本料（別添２の第３の５
注意: p.221: 番号「②」が並びに合わない（直前は「⑥」）→ 本文として扱った: ② 介護老人保健施設（介護保健施設サービス費（Ⅰ）の介護保健
注意: p.221: 番号「③」が並びに合わない（直前は「⑥」）→ 本文として扱った: ③ 介護老人保健施設（介護保健施設サービス費（Ⅰ）の介護保健
注意: p.221: 番号「④」が並びに合わない（直前は「⑥」）→ 本文として扱った: ④ 同一の保険医療機関の当該入院料にかかる病棟以外の病棟への
注意: p.221: 番号「イ」が並びに合わない（直前は「シ」）→ 本文として扱った: イ 直近６か月間に退院又は転棟した患者数（第２部「通則５」に
注意: p.222: 番号「ア」が並びに合わない（直前は「シ」）→ 本文として扱った: ア 当該保険医療機関において在宅患者訪問診療料（Ⅰ）及び（Ⅱ
注意: p.222: 番号「イ」が並びに合わない（直前は「シ」）→ 本文として扱った: イ 当該保険医療機関において退院後訪問指導料、在宅患者訪問看
注意: p.222: 番号「ウ」が並びに合わない（直前は「シ」）→ 本文として扱った: ウ 当該保険医療機関と同一敷地内又は隣接する敷地内に位置する
注意: p.222: 番号「エ」が並びに合わない（直前は「シ」）→ 本文として扱った: エ 当該保険医療機関において在宅患者訪問リハビリテーション指
注意: p.222: 番号「オ」が並びに合わない（直前は「シ」）→ 本文として扱った: オ 当該保険医療機関と同一敷地内又は隣接する敷地内に位置する
注意: p.222: 番号「カ」が並びに合わない（直前は「シ」）→ 本文として扱った: カ 当該保険医療機関において退院時共同指導料２及び外来在宅共
注意: p.223: 番号「ア」が並びに合わない（直前は「シ」）→ 本文として扱った: ア 当該病棟に入棟した患者のうち、自宅等から入棟した患者の占
注意: p.223: 番号「イ」が並びに合わない（直前は「シ」）→ 本文として扱った: イ 当該病棟において自宅等からの緊急入院患者の受入れが直近３
注意: p.223: 番号「ウ」が並びに合わない（直前は「シ」）→ 本文として扱った: ウ 当該保険医療機関において在宅患者訪問診療料（Ⅰ）及び（Ⅱ
注意: p.223: 番号「エ」が並びに合わない（直前は「シ」）→ 本文として扱った: エ 当該保険医療機関において退院後訪問指導料、在宅患者訪問看
注意: p.223: 番号「オ」が並びに合わない（直前は「シ」）→ 本文として扱った: オ 当該保険医療機関と同一敷地内又は隣接する敷地内に位置する
注意: p.223: 番号「カ」が並びに合わない（直前は「シ」）→ 本文として扱った: カ 当該保険医療機関において「Ｃ００６」在宅患者訪問リハビリ
注意: p.223: 番号「キ」が並びに合わない（直前は「シ」）→ 本文として扱った: キ 当該保険医療機関と同一敷地内又は隣接する敷地内に位置する
注意: p.223: 番号「ク」が並びに合わない（直前は「シ」）→ 本文として扱った: ク 当該保険医療機関において「Ｂ００５」退院時共同指導料２及
注意: p.225: 番号「ア」が並びに合わない（直前は「シ」）→ 本文として扱った: ア 当該保険医療機関において３年以上の看護補助者としての勤務
注意: p.225: 番号「イ」が並びに合わない（直前は「シ」）→ 本文として扱った: イ 主として直接患者に対し療養生活上の世話を行う看護補助者の
注意: p.226: 番号「ウ」が並びに合わない（直前は「シ」）→ 本文として扱った: ウ 看護補助体制充実加算に係る看護補助者に対する院内研修の内
注意: p.226: 番号「エ」が並びに合わない（直前は「シ」）→ 本文として扱った: エ 当該病棟の看護師長等は所定の研修を修了していること。また
注意: p.226: 番号「オ」が並びに合わない（直前は「シ」）→ 本文として扱った: オ 当該保険医療機関における看護補助者の業務に必要な能力を段
注意: p.226: 番号「カ」が並びに合わない（直前は「シ」）→ 本文として扱った: カ 11の（１）から（４）までを満たしていること。
注意: p.227: 番号「ア」が並びに合わない（直前は「シ」）→ 本文として扱った: ア 令和２年３月31日時点で地域包括ケア病棟入院料を届け出て
注意: p.227: 番号「イ」が並びに合わない（直前は「シ」）→ 本文として扱った: イ 地域医療構想調整会議において再編又は統合を行うことについ
注意: p.227: 番号「①」が並びに合わない（直前は「⑥」）→ 本文として扱った: ① 複数の許可病床数400床未満の病院が再編又は統合の対象病
注意: p.227: 番号「②」が並びに合わない（直前は「⑥」）→ 本文として扱った: ② 再編又は統合を行う対象病院のいずれかが、地域包括ケア病棟
注意: p.227: 番号「③」が並びに合わない（直前は「⑥」）→ 本文として扱った: ③ 地域医療構想調整会議において、再編又は統合後の病院が、地
注意: p.228: 番号「ア」が並びに合わない（直前は「シ」）→ 本文として扱った: ア 当該病棟に専任の医師が常勤していること。
注意: p.228: 番号「イ」が並びに合わない（直前は「シ」）→ 本文として扱った: イ 当該病棟において、日勤時間帯以外の時間帯にあっては看護要
注意: p.228: 番号「ウ」が並びに合わない（直前は「シ」）→ 本文として扱った: ウ 当該病棟に係る病棟床面積は、患者１人につき内法による測定
注意: p.228: 番号「エ」が並びに合わない（直前は「シ」）→ 本文として扱った: エ データ提出加算に係る届出を行っている保険医療機関であるこ
注意: p.228: 番号「ア」が並びに合わない（直前は「シ」）→ 本文として扱った: ア 意識障害レベルがＪＣＳ(Japan Coma Scale
注意: p.228: 番号「イ」が並びに合わない（直前は「シ」）→ 本文として扱った: イ 無動症の患者（閉じ込め症候群、無動性無言、失外套症候群等
注意: p.229: 番号「ア」が並びに合わない（直前は「シ」）→ 本文として扱った: ア 次のいずれかに該当する一般病棟又は精神病棟
注意: p.229: 番号「イ」が並びに合わない（直前は「シ」）→ 本文として扱った: イ 当該病棟の入院患者数の８割以上が、重度の肢体不自由児（者
注意: p.229: 番号「ア」が並びに合わない（直前は「シ」）→ 本文として扱った: ア 「がん等の診療に携わる医師等に対する緩和ケア研修会の開催
注意: p.229: 番号「イ」が並びに合わない（直前は「シ」）→ 本文として扱った: イ 緩和ケアの基本教育のための都道府県指導者研修会（国立がん
注意: p.230: 番号「ア」が並びに合わない（直前は「シ」）→ 本文として扱った: ア 当該病棟直近１年間の入院患者について、以下の（イ）から（
注意: p.230: 番号「イ」が並びに合わない（直前は「シ」）→ 本文として扱った: イ 直近１年間において、退院患者のうち、次のいずれかに該当す
注意: p.230: 番号「ア」が並びに合わない（直前は「シ」）→ 本文として扱った: ア 「Ａ２２６－２」に掲げる緩和ケア診療加算
注意: p.230: 番号「イ」が並びに合わない（直前は「シ」）→ 本文として扱った: イ 「Ｂ００１」「２４」に掲げる外来緩和ケア管理料
注意: p.230: 番号「ウ」が並びに合わない（直前は「シ」）→ 本文として扱った: ウ 「Ｃ００３」に掲げる在宅がん医療総合診療料
注意: p.232: 番号「ア」が並びに合わない（直前は「シ」）→ 本文として扱った: ア 当該保険医療機関の所在地の都道府県（政令市の区域を含むも
注意: p.232: 番号「イ」が並びに合わない（直前は「シ」）→ 本文として扱った: イ １精神科救急医療圏と１基幹病院が対となって明確に区分され
注意: p.232: 番号「ア」が並びに合わない（直前は「シ」）→ 本文として扱った: ア 常時精神科救急外来診療が可能であること。
注意: p.232: 番号「イ」が並びに合わない（直前は「シ」）→ 本文として扱った: イ 全ての入院形式の患者受入れが可能であること。
注意: p.232: 番号「ウ」が並びに合わない（直前は「シ」）→ 本文として扱った: ウ 精神疾患に係る時間外、休日又は深夜における入院件数の実績
注意: p.233: 番号「ア」が並びに合わない（直前は「シ」）→ 本文として扱った: ア 行動制限についての基本的考え方や、やむを得ず行動制限する
注意: p.233: 番号「イ」が並びに合わない（直前は「シ」）→ 本文として扱った: イ 患者の病状、院内における行動制限患者の状況に係るレポート
注意: p.233: 番号「ウ」が並びに合わない（直前は「シ」）→ 本文として扱った: ウ 当該保険医療機関における精神科診療に携わる職員全てを対象
注意: p.233: 番号「ア」が並びに合わない（直前は「シ」）→ 本文として扱った: ア 当該病棟において、夜勤を含む交代制勤務に従事する看護職員
注意: p.233: 番号「イ」が並びに合わない（直前は「シ」）→ 本文として扱った: イ ３交代制勤務又は変則３交代制勤務の病棟において、夜勤を含
注意: p.233: 番号「ウ」が並びに合わない（直前は「シ」）→ 本文として扱った: ウ 当該病棟において、夜勤を含む交代制勤務に従事する看護職員
注意: p.233: 番号「エ」が並びに合わない（直前は「シ」）→ 本文として扱った: エ 当該病棟において、夜勤を含む交代制勤務に従事する看護職員
注意: p.233: 番号「オ」が並びに合わない（直前は「シ」）→ 本文として扱った: オ 当該病棟において、夜勤時間帯の患者のニーズに対応できるよ
注意: p.233: 番号「カ」が並びに合わない（直前は「シ」）→ 本文として扱った: カ 当該保険医療機関において、所属部署以外の部署を一時的に支
注意: p.233: 番号「キ」が並びに合わない（直前は「シ」）→ 本文として扱った: キ 当該保険医療機関において、夜勤時間帯を含めて開所している
注意: p.233: 番号「ク」が並びに合わない（直前は「シ」）→ 本文として扱った: ク 当該病棟において、ＩＣＴ、ＡＩ、ＩｏＴ等の活用によって、
注意: p.234: 番号「ア」が並びに合わない（直前は「シ」）→ 本文として扱った: ア 次のいずれも満たしていること。
注意: p.234: 番号「①」が並びに合わない（直前は「⑥」）→ 本文として扱った: ① 当該保険医療機関の所在地の都道府県（政令市の区域を含むも
注意: p.234: 番号「②」が並びに合わない（直前は「⑥」）→ 本文として扱った: ② １精神科救急医療圏と１基幹病院が対となって明確に区分され
注意: p.234: 番号「イ」が並びに合わない（直前は「シ」）→ 本文として扱った: イ 複数の病棟において当該加算の届出を行う場合については、ア
注意: p.234: 番号「ウ」が並びに合わない（直前は「シ」）→ 本文として扱った: ウ 病院である保険医療機関の精神病棟を単位とすること。
注意: p.234: 番号「エ」が並びに合わない（直前は「シ」）→ 本文として扱った: エ 「精神科救急医療体制整備事業の実施について」に規定する身
注意: p.234: 番号「ア」が並びに合わない（直前は「シ」）→ 本文として扱った: ア (１)のアからウまでを満たすこと。
注意: p.234: 番号「イ」が並びに合わない（直前は「シ」）→ 本文として扱った: イ 「精神科救急医療体制整備事業の実施について」に規定する精
注意: p.234: 番号「ア」が並びに合わない（直前は「シ」）→ 本文として扱った: ア (１)のアからウまでを満たすこと。
注意: p.234: 番号「イ」が並びに合わない（直前は「シ」）→ 本文として扱った: イ 精神科救急医療確保事業において病院群輪番型施設として指定
注意: p.235: 番号「ア」が並びに合わない（直前は「シ」）→ 本文として扱った: ア 医療法の規定に基づき許可を受け、若しくは届出をし、又は承
注意: p.235: 番号「イ」が並びに合わない（直前は「シ」）→ 本文として扱った: イ 当該各病棟において、日勤帯以外の時間帯にあっては看護要員
注意: p.235: 番号「ウ」が並びに合わない（直前は「シ」）→ 本文として扱った: ウ 当該保険医療機関に他の精神病棟が存在する場合は、当該他の
注意: p.235: 番号「エ」が並びに合わない（直前は「シ」）→ 本文として扱った: エ 当該各病棟に精神保健指定医及び精神保健福祉士又は公認心理
注意: p.235: 番号「オ」が並びに合わない（直前は「シ」）→ 本文として扱った: オ 当該保険医療機関が精神科救急医療システムに参加しているこ
注意: p.235: 番号「カ」が並びに合わない（直前は「シ」）→ 本文として扱った: カ 当該病棟の病床数は、130 床以下であり、当該保険医療機
注意: p.235: 番号「キ」が並びに合わない（直前は「シ」）→ 本文として扱った: キ 当該病棟の病床数は、１看護単位当たり60床以下であること
注意: p.236: 番号「ク」が並びに合わない（直前は「シ」）→ 本文として扱った: ク 当該病棟に隔離室があること。
注意: p.236: 番号「ケ」が並びに合わない（直前は「シ」）→ 本文として扱った: ケ １月間の当該入院料を算定している病棟の患者の延べ入院日数
注意: p.236: 番号「コ」が並びに合わない（直前は「シ」）→ 本文として扱った: コ 当該病棟において、措置入院患者、鑑定入院患者、医療観察法
注意: p.236: 番号「サ」が並びに合わない（直前は「シ」）→ 本文として扱った: サ データ提出加算に係る届出を行っている保険医療機関であるこ
注意: p.237: 番号「ア」が並びに合わない（直前は「シ」）→ 本文として扱った: ア 当該病棟の治療室単位であり、当該病棟の病床数の２割以上で
注意: p.237: 番号「イ」が並びに合わない（直前は「シ」）→ 本文として扱った: イ 当該治療室に入院する患者は、常時８割以上が下記の身体疾患
注意: p.237: 番号「ウ」が並びに合わない（直前は「シ」）→ 本文として扱った: ウ 身体合併症管理を行うために必要な次に掲げる装置及び器具を
注意: p.238: 番号「ア」が並びに合わない（直前は「シ」）→ 本文として扱った: ア 常時精神科救急外来診療が可能であること。
注意: p.238: 番号「イ」が並びに合わない（直前は「シ」）→ 本文として扱った: イ 精神疾患に係る時間外、休日又は深夜における入院件数が年間
注意: p.238: 番号「ウ」が並びに合わない（直前は「シ」）→ 本文として扱った: ウ 全ての入院形式の患者受入れが可能であること。
注意: p.238: 番号「ア」が並びに合わない（直前は「シ」）→ 本文として扱った: ア 当該保険医療機関の所在地の都道府県（政令市の区域を含むも
注意: p.238: 番号「イ」が並びに合わない（直前は「シ」）→ 本文として扱った: イ １精神科救急医療圏と１基幹病院が対となって明確に区分され
注意: p.238: 番号「ア」が並びに合わない（直前は「シ」）→ 本文として扱った: ア 行動制限についての基本的考え方や、やむを得ず行動制限する
注意: p.238: 番号「イ」が並びに合わない（直前は「シ」）→ 本文として扱った: イ 患者の病状、院内における行動制限患者の状況に係るレポート
注意: p.238: 番号「ウ」が並びに合わない（直前は「シ」）→ 本文として扱った: ウ 当該保険医療機関における精神科診療に携わる職員全てを対象
注意: p.239: 番号「ア」が並びに合わない（直前は「シ」）→ 本文として扱った: ア 当該病棟において、夜勤を含む交代制勤務に従事する看護職員
注意: p.239: 番号「イ」が並びに合わない（直前は「シ」）→ 本文として扱った: イ ３交代制勤務又は変則３交代制勤務の病棟において、夜勤を含
注意: p.239: 番号「ウ」が並びに合わない（直前は「シ」）→ 本文として扱った: ウ 当該病棟において、夜勤を含む交代制勤務に従事する看護職員
注意: p.239: 番号「エ」が並びに合わない（直前は「シ」）→ 本文として扱った: エ 当該病棟において、夜勤を含む交代制勤務に従事する看護職員
注意: p.239: 番号「オ」が並びに合わない（直前は「シ」）→ 本文として扱った: オ 当該病棟において、夜勤時間帯の患者のニーズに対応できるよ
注意: p.239: 番号「カ」が並びに合わない（直前は「シ」）→ 本文として扱った: カ 当該保険医療機関において、所属部署以外の部署を一時的に支
注意: p.239: 番号「キ」が並びに合わない（直前は「シ」）→ 本文として扱った: キ 当該保険医療機関において、夜勤時間帯を含めて開所している
注意: p.239: 番号「ク」が並びに合わない（直前は「シ」）→ 本文として扱った: ク 当該病棟において、ＩＣＴ、ＡＩ、ＩｏＴ等の活用によって、
注意: p.240: 番号「ア」が並びに合わない（直前は「シ」）→ 本文として扱った: ア 小児医療及び児童・思春期の精神医療に関する十分な経験を有
注意: p.240: 番号「イ」が並びに合わない（直前は「シ」）→ 本文として扱った: イ 20歳未満の精神疾患を有する患者の看護に従事する専任の常
注意: p.240: 番号「ウ」が並びに合わない（直前は「シ」）→ 本文として扱った: ウ 20歳未満の精神疾患を有する患者の支援に係る経験を有する
注意: p.240: 番号「エ」が並びに合わない（直前は「シ」）→ 本文として扱った: エ 20歳未満の精神疾患を有する患者の支援に係る経験を有する
注意: p.241: 番号「ア」が並びに合わない（直前は「シ」）→ 本文として扱った: ア 精神科養育支援に関するプロトコルを整備していること。なお
注意: p.241: 番号「イ」が並びに合わない（直前は「シ」）→ 本文として扱った: イ 虐待等不適切な養育が疑われる20歳未満の精神疾患を有する
注意: p.241: 番号「ウ」が並びに合わない（直前は「シ」）→ 本文として扱った: ウ 虐待等不適切な養育が疑われる20歳未満の精神疾患を有する
注意: p.241: 番号「エ」が並びに合わない（直前は「シ」）→ 本文として扱った: エ 虐待等不適切な養育が疑われた症例を把握・分析し、養育支援
注意: p.241: 番号「オ」が並びに合わない（直前は「シ」）→ 本文として扱った: オ 精神科養育支援体制を確保するための職員研修を企画・実施す
注意: p.242: 番号「ア」が並びに合わない（直前は「シ」）→ 本文として扱った: ア 精神保健福祉士
注意: p.242: 番号「イ」が並びに合わない（直前は「シ」）→ 本文として扱った: イ 保健師、看護師、准看護師、作業療法士、社会福祉士又は公認
注意: p.242: 番号「ア」が並びに合わない（直前は「シ」）→ 本文として扱った: ア 時間外、休日又は深夜における入院件数が年４件以上であるこ
注意: p.242: 番号「イ」が並びに合わない（直前は「シ」）→ 本文として扱った: イ 時間外、休日又は深夜における外来対応件数が年10件以上で
注意: p.243: 番号「ア」が並びに合わない（直前は「シ」）→ 本文として扱った: ア 時間外、休日又は深夜における外来対応施設（自治体等の夜間
注意: p.243: 番号「イ」が並びに合わない（直前は「シ」）→ 本文として扱った: イ 精神保健福祉法上の精神保健指定医の公務員としての業務（措
注意: p.244: 番号「ア」が並びに合わない（直前は「シ」）→ 本文として扱った: ア 当該保険医療機関内に、精神科医師及び認知症治療病棟に専従
注意: p.244: 番号「イ」が並びに合わない（直前は「シ」）→ 本文として扱った: イ 当該病棟に勤務する看護職員の最小必要数の半数以上は、精神
注意: p.244: 番号「ウ」が並びに合わない（直前は「シ」）→ 本文として扱った: ウ 当該病棟に勤務する看護補助者の最小必要数の半数以上は、精
注意: p.244: 番号「エ」が並びに合わない（直前は「シ」）→ 本文として扱った: エ 当該保険医療機関内に、専従する精神保健福祉士又は専従する
注意: p.244: 番号「オ」が並びに合わない（直前は「シ」）→ 本文として扱った: オ 当該病棟における１看護単位は、概ね40から60床までを上
注意: p.244: 番号「カ」が並びに合わない（直前は「シ」）→ 本文として扱った: カ 当該病棟の患者１人当たりの面積は、内法による測定で、18
注意: p.244: 番号「キ」が並びに合わない（直前は「シ」）→ 本文として扱った: キ 認知症治療病棟入院医療を行うにふさわしいデイルーム等の共
注意: p.244: 番号「ク」が並びに合わない（直前は「シ」）→ 本文として扱った: ク 認知症治療病棟入院医療を行うにふさわしい、広さ60平方メ
注意: p.244: 番号「ア」が並びに合わない（直前は「シ」）→ 本文として扱った: ア (３)のイからエまでを満たしている。
注意: p.244: 番号「イ」が並びに合わない（直前は「シ」）→ 本文として扱った: イ 当該保険医療機関内に、精神科医師及び認知症治療病棟に専従
注意: p.245: 番号「ウ」が並びに合わない（直前は「シ」）→ 本文として扱った: ウ 当該病棟における１看護単位は、概ね60床を上限とする。
注意: p.245: 番号「エ」が並びに合わない（直前は「シ」）→ 本文として扱った: エ 当該病棟の患者１人当たりの面積は、内法による測定で、18
注意: p.245: 番号「オ」が並びに合わない（直前は「シ」）→ 本文として扱った: オ 認知症治療病棟入院医療を行うにふさわしい、広さ60平方メ
注意: p.245: 番号「ア」が並びに合わない（直前は「シ」）→ 本文として扱った: ア 認知症治療病棟入院料１、認知症治療病棟入院料２のいずれの
注意: p.245: 番号「イ」が並びに合わない（直前は「シ」）→ 本文として扱った: イ 行動制限最小化に係る委員会において次の活動を行っているこ
注意: p.246: 番号「ア」が並びに合わない（直前は「シ」）→ 本文として扱った: ア 精神科救急医療確保事業において常時対応型施設として指定を
注意: p.247: 番号「イ」が並びに合わない（直前は「シ」）→ 本文として扱った: イ 精神科救急医療確保事業において病院群輪番型施設として指定
注意: p.247: 番号「ア」が並びに合わない（直前は「シ」）→ 本文として扱った: ア 当該保険医療機関において「Ｉ０１２」精神科訪問看護・指導
注意: p.247: 番号「イ」が並びに合わない（直前は「シ」）→ 本文として扱った: イ 当該保険医療機関と同一敷地内又は隣接する敷地内に位置する
注意: p.247: 番号「ウ」が並びに合わない（直前は「シ」）→ 本文として扱った: ウ 当該保険医療機関において「Ｂ０１５」精神科退院時共同指導
注意: p.247: 番号「エ」が並びに合わない（直前は「シ」）→ 本文として扱った: エ 当該保険医療機関において「Ｉ００２」通院・在宅精神療法の
注意: p.247: 番号「オ」が並びに合わない（直前は「シ」）→ 本文として扱った: オ 当該保険医療機関において「Ｉ０１６」精神科在宅患者支援管
注意: p.247: 番号「ア」が並びに合わない（直前は「シ」）→ 本文として扱った: ア 措置入院及び緊急措置入院時の診察
注意: p.247: 番号「イ」が並びに合わない（直前は「シ」）→ 本文として扱った: イ 医療保護入院及び応急入院のための移送時の診察
注意: p.247: 番号「ウ」が並びに合わない（直前は「シ」）→ 本文として扱った: ウ 精神医療審査会における業務
注意: p.247: 番号「エ」が並びに合わない（直前は「シ」）→ 本文として扱った: エ 精神科病院への立入検査での診察
注意: p.247: 番号「オ」が並びに合わない（直前は「シ」）→ 本文として扱った: オ その他都道府県の依頼による公務員としての業務
注意: p.249: 番号「ア」が並びに合わない（直前は「シ」）→ 本文として扱った: ア 注７に規定する地域包括ケア入院医療管理を行う病室を有する
注意: p.249: 番号「イ」が並びに合わない（直前は「シ」）→ 本文として扱った: イ 当該病室を有する病棟において、病室を含む病棟に、専任の常
注意: p.249: 番号「ウ」が並びに合わない（直前は「シ」）→ 本文として扱った: ウ 当該保険医療機関内に入退院支援及び地域連携業務を担う部門
注意: p.250: 番号「エ」が並びに合わない（直前は「シ」）→ 本文として扱った: エ 心大血管疾患リハビリテーション料(Ⅰ)、脳血管疾患等リハ
注意: p.250: 番号「オ」が並びに合わない（直前は「シ」）→ 本文として扱った: オ エのリハビリテーションを提供する患者については、１日平均
注意: p.250: 番号「カ」が並びに合わない（直前は「シ」）→ 本文として扱った: カ 当該病室の床面積は、内法による測定で、患者１人につき、6
注意: p.250: 番号「キ」が並びに合わない（直前は「シ」）→ 本文として扱った: キ 病室に隣接する廊下の幅は内法による測定で、1.8 メート
注意: p.250: 番号「ク」が並びに合わない（直前は「シ」）→ 本文として扱った: ク 当該病室を含む病棟に、又は当該医療機関内における当該病室
注意: p.250: 番号「ケ」が並びに合わない（直前は「シ」）→ 本文として扱った: ケ 当該入院料を算定するものとして届け出ている病室に、直近３
注意: p.251: 番号「コ」が並びに合わない（直前は「シ」）→ 本文として扱った: コ 次のいずれかの基準を満たしていること。
注意: p.251: 番号「①」が並びに合わない（直前は「⑥」）→ 本文として扱った: ① 特掲診療料施設基準通知の別添１の第14の２に規定する在宅
注意: p.251: 番号「②」が並びに合わない（直前は「⑥」）→ 本文として扱った: ② 特掲診療料施設基準通知の別添１の第16の３に規定する在宅
注意: p.251: 番号「③」が並びに合わない（直前は「⑥」）→ 本文として扱った: ③ 医療法第30条の４の規定に基づき都道府県が作成する医療計
注意: p.251: 番号「④」が並びに合わない（直前は「⑥」）→ 本文として扱った: ④ 救急病院等を定める省令に基づき認定された救急病院であるこ
注意: p.251: 番号「⑤」が並びに合わない（直前は「⑥」）→ 本文として扱った: ⑤ 訪問看護ステーションが当該保険医療機関と同一の敷地内に設
注意: p.251: 番号「サ」が並びに合わない（直前は「シ」）→ 本文として扱った: サ 当該病室を退院した患者に占める在宅等に退院するものの割合
注意: p.251: 番号「シ」が重複している（原本の誤植と思われる）: シ 当該病室から退院した患者数に占める在宅等に退院するものの
注意: p.254: 番号「ア」が並びに合わない（直前は「ツ」）→ 本文として扱った: ア 精神保健福祉士（当該病棟専従の者でも可）
注意: p.254: 番号「イ」が並びに合わない（直前は「ツ」）→ 本文として扱った: イ 保健師、看護師、准看護師、作業療法士、社会福祉士又は公認
注意: p.254: 番号「ア」が並びに合わない（直前は「ツ」）→ 本文として扱った: ア 届出前月に、以下の(イ)又は(ロ)いずれか小さい値を(ハ
注意: p.254: 番号「イ」が並びに合わない（直前は「ツ」）→ 本文として扱った: イ 以下の式で算出される数値が 3.3%以上であること。なお
注意: p.255: 番号「ア」が並びに合わない（直前は「ツ」）→ 本文として扱った: ア (15)の「算定開始」及び「地域移行機能強化病棟入院料を
注意: p.255: 番号「イ」が並びに合わない（直前は「ツ」）→ 本文として扱った: イ (16)の「算定開始」、「算定開始月の翌年以降の同じ月」
注意: p.255: 番号「ウ」が並びに合わない（直前は「ツ」）→ 本文として扱った: ウ (17)の「届出前月末日」及び「当該病棟の算定月数」につ
注意: p.255: 番号「ア」が並びに合わない（直前は「ツ」）→ 本文として扱った: ア 精神科救急医療確保事業において常時対応型施設として指定を
注意: p.255: 番号「イ」が並びに合わない（直前は「ツ」）→ 本文として扱った: イ 精神科救急医療確保事業において病院群輪番型施設として指定
注意: p.256: 番号「ウ」が並びに合わない（直前は「ツ」）→ 本文として扱った: ウ 当該保険医療機関の精神保健指定医が、精神科救急医療体制の
注意: p.256: 番号「①」が並びに合わない（直前は「⑥」）→ 本文として扱った: ① 措置入院及び緊急措置入院時の診察
注意: p.256: 番号「②」が並びに合わない（直前は「⑥」）→ 本文として扱った: ② 医療保護入院及び応急入院のための移送時の診察
注意: p.256: 番号「③」が並びに合わない（直前は「⑥」）→ 本文として扱った: ③ 精神医療審査会における業務
注意: p.256: 番号「④」が並びに合わない（直前は「⑥」）→ 本文として扱った: ④ 精神科病院への立入検査での診察
注意: p.256: 番号「⑤」が並びに合わない（直前は「⑥」）→ 本文として扱った: ⑤ その他都道府県の依頼による公務員としての業務
注意: p.257: 番号「ア」が並びに合わない（直前は「ツ」）→ 本文として扱った: ア 国又は医療関係団体等が主催する研修であること（１日程度）
注意: p.257: 番号「イ」が並びに合わない（直前は「ツ」）→ 本文として扱った: イ 講義及び演習により、次の項目を行う研修であること
注意: p.257: 番号「ア」が並びに合わない（直前は「ツ」）→ 本文として扱った: ア 直近１か月間に特定機能病院リハビリテーション病棟に入院す
注意: p.257: 番号「イ」が並びに合わない（直前は「ツ」）→ 本文として扱った: イ 直近１か月間に特定機能病院リハビリテーション病棟に入院し
注意: p.257: 番号「ア」が並びに合わない（直前は「ツ」）→ 本文として扱った: ア 直近６か月間に退院した患者数（第２部通則５に規定する入院
注意: p.258: 番号「イ」が並びに合わない（直前は「ツ」）→ 本文として扱った: イ 直近６か月間に退院した患者数（第２部通則５に規定する入院
注意: p.258: 番号「ア」が並びに合わない（直前は「ツ」）→ 本文として扱った: ア 前月までの３か月間に当該保険医療機関の特定機能病院リハビ
注意: p.258: 番号「イ」が並びに合わない（直前は「ツ」）→ 本文として扱った: イ 特定機能病院リハビリテーション病棟における直近のリハビリ
注意: p.259: 番号「ア」が並びに合わない（直前は「ツ」）→ 本文として扱った: ア 届出を行う月及び各年度４月、７月、10 月及び１月に算出
注意: p.259: 番号「イ」が並びに合わない（直前は「ツ」）→ 本文として扱った: イ 当該保険医療機関において、前月に、外来患者に対するリハビ
注意: p.259: 番号「ア」が並びに合わない（直前は「ツ」）→ 本文として扱った: ア 直近６か月間に当該特定機能病院リハビリテーション病棟に新
注意: p.259: 番号「イ」が並びに合わない（直前は「ツ」）→ 本文として扱った: イ 直近６か月間に当該特定機能病院リハビリテーション病棟に新
注意: p.260: 番号「ア」が並びに合わない（直前は「ツ」）→ 本文として扱った: ア 当該保険医療機関において、他の保険医療機関等に所属するリ
注意: p.260: 番号「イ」が並びに合わない（直前は「ツ」）→ 本文として扱った: イ 他の保険医療機関等からのリハビリテーションに係る照会や患
注意: p.269: 番号「①」が並びに合わない（直前は「⑥」）→ 本文として扱った: ①に掲げる数
注意: p.269: 番号「②」が並びに合わない（直前は「⑥」）→ 本文として扱った: ②に掲げる数
注意: p.269: 番号「①」が並びに合わない（直前は「⑥」）→ 本文として扱った: ① 当該病棟における直近３か月間の在院患者延日数
注意: p.269: 番号「②」が並びに合わない（直前は「⑥」）→ 本文として扱った: ② （当該病棟における当該３か月間の新入棟患者数＋当該病棟に
注意: p.270: 番号「①」が並びに合わない（直前は「⑥」）→ 本文として扱った: ① 各勤務帯に従事している看護職員の１人当たりの受け持ち患者
注意: p.270: 番号「②」が並びに合わない（直前は「⑥」）→ 本文として扱った: ② 月平均１日当たり勤務することが必要となる看護職員の数に対
注意: p.270: 番号「①」が並びに合わない（直前は「⑥」）→ 本文として扱った: ① 当該保険医療機関で夜勤時間帯を設定：16時から翌朝８時ま
注意: p.270: 番号「②」が並びに合わない（直前は「⑥」）→ 本文として扱った: ② 夜勤時間と従事者数：２人以上の看護職員が配置されている。
注意: p.270: 番号「③」が並びに合わない（直前は「⑥」）→ 本文として扱った: ③ １月当たり夜勤時間帯に従事する実人員数：23人（８人＋1
注意: p.271: 番号「④」が並びに合わない（直前は「⑥」）→ 本文として扱った: ④ 月延夜勤時間数：1,440時間（(a)～(c)の合計）
注意: p.271: 番号「⑤」が並びに合わない（直前は「⑥」）→ 本文として扱った: ⑤ 月平均夜勤時間数:72時間以下である。
注意: p.273: 番号「②」が並びに合わない（直前は「⑥」）→ 本文として扱った: ② 抗悪性腫瘍剤の内服の管理、 あり
注意: p.273: 番号「③」が並びに合わない（直前は「⑥」）→ 本文として扱った: ③ 麻薬の使用（注射剤のみ）、 あり
注意: p.273: 番号「④」が並びに合わない（直前は「⑥」）→ 本文として扱った: ④ 麻薬の内服、貼付、坐剤の管理、 あり
注意: p.273: 番号「⑥」が重複している（原本の誤植と思われる）: ⑥ 免疫抑制剤の管理（注射剤のみ）、 あり
注意: p.273: 番号「③」が並びに合わない（直前は「⑪」）→ 本文として扱った: ③侵襲的な消化器治療）
注意: p.278: 番号「⑥」が並びに合わない（直前は「⑪」）→ 本文として扱った: ⑥から⑨までについては、評価日において、コード一覧に掲載され
注意: p.279: 番号「①」が並びに合わない（直前は「⑪」）→ 本文として扱った: ① 抗悪性腫瘍剤の使用（注射剤のみ）
注意: p.279: 番号「②」が並びに合わない（直前は「⑪」）→ 本文として扱った: ② 抗悪性腫瘍剤の内服の管理
注意: p.279: 番号「③」が並びに合わない（直前は「⑪」）→ 本文として扱った: ③ 麻薬の使用（注射剤のみ）
注意: p.279: 番号「④」が並びに合わない（直前は「⑪」）→ 本文として扱った: ④麻薬の内服、貼付、坐剤の管理
注意: p.279: 番号「⑤」が並びに合わない（直前は「⑪」）→ 本文として扱った: ⑤ 放射線治療
注意: p.279: 番号「⑥」が並びに合わない（直前は「⑪」）→ 本文として扱った: ⑥ 免疫抑制剤の管理（注射剤のみ）
注意: p.279: 番号「⑦」が並びに合わない（直前は「⑪」）→ 本文として扱った: ⑦ 昇圧剤の使用（注射剤のみ）
注意: p.279: 番号「⑧」が並びに合わない（直前は「⑪」）→ 本文として扱った: ⑧ 抗不整脈剤の使用（注射剤のみ）
注意: p.280: 番号「⑨」が並びに合わない（直前は「⑪」）→ 本文として扱った: ⑨ 抗血栓塞栓薬の持続点滴の使用
注意: p.280: 番号「⑩」が並びに合わない（直前は「⑪」）→ 本文として扱った: ⑩ ドレナージの管理
注意: p.280: 番号「⑪」が重複している（原本の誤植と思われる）: ⑪ 無菌治療室での治療
注意: p.286: 番号「①」が並びに合わない（直前は「⑪」）→ 本文として扱った: ①から③の各項目について、評価日においてコード一覧に掲載され
注意: p.352: 番号「ア」が並びに合わない（直前は「ツ」）→ 本文として扱った: ア 平成20年３月31日において現に障害者施設等入院基本料を
注意: p.352: 番号「イ」が並びに合わない（直前は「ツ」）→ 本文として扱った: イ 「基本診療料の施設基準等」の別表第十二に掲げる神経難病等
注意: p.352: 番号「ウ」が並びに合わない（直前は「ツ」）→ 本文として扱った: ウ 平成20年３月31日において現に特殊疾患入院医療管理料を
注意: p.352: 番号「エ」が並びに合わない（直前は「ツ」）→ 本文として扱った: エ 平成20年３月31日において現に特殊疾患療養病棟入院料１
注意: p.352: 番号「ア」が並びに合わない（直前は「ツ」）→ 本文として扱った: ア 平成20年３月31日において現に障害者施設等入院基本料を
注意: p.352: 番号「イ」が並びに合わない（直前は「ツ」）→ 本文として扱った: イ 「基本診療料の施設基準等」の別表第十二に掲げる神経難病等
注意: p.352: 番号「ウ」が並びに合わない（直前は「ツ」）→ 本文として扱った: ウ 平成20年３月31日において現に特殊疾患療養病棟入院料２
注意: p.354: 番号「ア」が並びに合わない（直前は「ツ」）→ 本文として扱った: ア 平成20年３月31日において現に障害者施設等入院基本料を
注意: p.354: 番号「イ」が並びに合わない（直前は「ツ」）→ 本文として扱った: イ 「基本診療料の施設基準等」の別表第十二に掲げる神経難病等
注意: p.354: 番号「ウ」が並びに合わない（直前は「ツ」）→ 本文として扱った: ウ 平成20年３月31日において現に特殊疾患入院医療管理料を
注意: p.354: 番号「エ」が並びに合わない（直前は「ツ」）→ 本文として扱った: エ 平成20年３月31日において現に特殊疾患療養病棟入院料１
注意: p.354: 番号「ア」が並びに合わない（直前は「ツ」）→ 本文として扱った: ア 平成20年３月31日において現に障害者施設等入院基本料を
注意: p.354: 番号「イ」が並びに合わない（直前は「ツ」）→ 本文として扱った: イ 「基本診療料の施設基準等」の別表第十二に掲げる神経難病等
注意: p.354: 番号「ウ」が並びに合わない（直前は「ツ」）→ 本文として扱った: ウ 平成20年３月31日において現に特殊疾患療養病棟入院料２
注意: p.359: 番号「①」が並びに合わない（直前は「⑪」）→ 本文として扱った: ① 向精神薬等による治療 ５点
注意: p.359: 番号「②」が並びに合わない（直前は「⑪」）→ 本文として扱った: ② 行動療法、動作法、TEACCHなどの技法を取り入れた薬物
注意: p.359: 番号「①」が並びに合わない（直前は「⑪」）→ 本文として扱った: ① 著しい視聴覚障害（全盲などがあり、かつ何らかの手段で移動
注意: p.359: 番号「②」が並びに合わない（直前は「⑪」）→ 本文として扱った: ② てんかん発作が週1回以上、または6ヶ月以内のてんかん重積
注意: p.359: 番号「③」が並びに合わない（直前は「⑪」）→ 本文として扱った: ③ 自閉症等によりこだわりが著しく対応困難 ５点
注意: p.359: 番号「④」が並びに合わない（直前は「⑪」）→ 本文として扱った: ④ その他の精神疾患や不眠に対し向精神薬等による治療が必要 
注意: p.359: 番号「①」が並びに合わない（直前は「⑪」）→ 本文として扱った: ① 自傷・他害による外傷、多動・てんかん発作での転倒による外
注意: p.359: 番号「②」が並びに合わない（直前は「⑪」）→ 本文として扱った: ② 慢性擦過傷・皮疹などによる外用剤・軟膏処置（６ヶ月以内に
注意: p.359: 番号「③」が並びに合わない（直前は「⑪」）→ 本文として扱った: ③ 便秘のため週２回以上の浣腸、または座薬（下剤は定期内服し
注意: p.359: 番号「④」が並びに合わない（直前は「⑪」）→ 本文として扱った: ④ 呼吸器感染のための検査・処置・治療（6ヶ月以内にあれば）
注意: p.359: 番号「⑤」が並びに合わない（直前は「⑪」）→ 本文として扱った: ⑤ その他の身体疾患での検査・治療
注意: p.359: 番号「①」が並びに合わない（直前は「⑪」）→ 本文として扱った: ① 行動障害のため常に１対１の対応が必要 ３点
注意: p.359: 番号「②」が並びに合わない（直前は「⑪」）→ 本文として扱った: ② 行動障害のため個室対応等が必要（１対１の対応でも開放処遇
注意: p.359: 番号「③」が並びに合わない（直前は「⑪」）→ 本文として扱った: ③ 行動障害のため個室対応でも処遇困難（自傷、多動による転倒
注意: p.359: 番号「①」が並びに合わない（直前は「⑪」）→ 本文として扱った: ① 食事（異食、他害につながるような盗食、詰め込みによる窒息
注意: p.359: 番号「②」が並びに合わない（直前は「⑪」）→ 本文として扱った: ② 排泄（排泄訓練が必要、糞食やトイレの水飲み、多動による転
注意: p.359: 番号「③」が並びに合わない（直前は「⑪」）→ 本文として扱った: ③ 移動（多動のためどこへ行くか分からない、多動による転倒・
注意: p.359: 番号「④」が並びに合わない（直前は「⑪」）→ 本文として扱った: ④ 入浴（多動による転倒・外傷・溺水の危険、多飲による水中毒
注意: p.359: 番号「⑤」が並びに合わない（直前は「⑪」）→ 本文として扱った: ⑤ 更衣（破衣・脱衣のための窒息の危険、異食の危険） ３．５
注意: p.412: 番号「①」が並びに合わない（直前は「⑪」）→ 本文として扱った: ① GLIM基準による評価（成人のみ）：
注意: p.412: 番号「②」が並びに合わない（直前は「⑪」）→ 本文として扱った: ② GLIM基準以外の評価：
注意: p.436: 番号「①」が並びに合わない（直前は「⑪」）→ 本文として扱った: ① 別紙２に定める「医療を提供している
注意: p.436: 番号「②」が並びに合わない（直前は「⑪」）→ 本文として扱った: ② 実施場所
注意: p.436: 番号「③」が並びに合わない（直前は「⑪」）→ 本文として扱った: ③ 患者の急病急変時に適切に対応するた
注意: p.436: 番号「④」が並びに合わない（直前は「⑪」）→ 本文として扱った: ④ 医療機関に居る場合と同等程度に患者の
注意: p.436: 番号「⑤」が並びに合わない（直前は「⑪」）→ 本文として扱った: ⑤ 物理的に外部から隔離される空間である
注意: p.436: 番号「①」が並びに合わない（直前は「⑪」）→ 本文として扱った: ① 名称
注意: p.436: 番号「②」が並びに合わない（直前は「⑪」）→ 本文として扱った: ② 所在地
注意: p.436: 番号「③」が並びに合わない（直前は「⑪」）→ 本文として扱った: ③ 開設者名
注意: p.436: 番号「④」が並びに合わない（直前は「⑪」）→ 本文として扱った: ④ 担当医師名
注意: p.436: 番号「⑤」が並びに合わない（直前は「⑪」）→ 本文として扱った: ⑤ 調整担当者名
注意: p.436: 番号「⑥」が並びに合わない（直前は「⑪」）→ 本文として扱った: ⑥ 連絡方法
注意: p.441: 番号「ア」が並びに合わない（直前は「ツ」）→ 本文として扱った: ア 地域包括診療加算１に係る届出を行っている。 □
注意: p.441: 番号「イ」が並びに合わない（直前は「ツ」）→ 本文として扱った: イ 以下のいずれも満たす。
注意: p.441: 番号「①」が並びに合わない（直前は「⑪」）→ 本文として扱った: ① 地域包括診療加算２を算定した患者が３人以上
注意: p.441: 番号「②」が並びに合わない（直前は「⑪」）→ 本文として扱った: ② 在宅患者訪問診療料（Ⅰ）の「１」、在宅患者訪問診療料（Ⅱ
注意: p.441: 番号「ウ」が並びに合わない（直前は「ツ」）→ 本文として扱った: ウ 地域包括診療料１に係る届出を行っている □
注意: p.441: 番号「エ」が並びに合わない（直前は「ツ」）→ 本文として扱った: エ 以下のいずれも満たす。
注意: p.441: 番号「①」が並びに合わない（直前は「⑪」）→ 本文として扱った: ① 地域包括診療料２を算定した患者が３人以上
注意: p.441: 番号「②」が並びに合わない（直前は「⑪」）→ 本文として扱った: ② 在宅患者訪問診療料（Ⅰ）の「１」、在宅患者訪問診療料（Ⅱ
注意: p.441: 番号「オ」が並びに合わない（直前は「ツ」）→ 本文として扱った: オ 小児かかりつけ診療料１又は２に係る届出を行っている。 □
注意: p.441: 番号「カ」が並びに合わない（直前は「ツ」）→ 本文として扱った: カ 在宅時医学総合管理料又は施設入居時等医学総合管理料に係る
注意: p.441: 番号「キ」が並びに合わない（直前は「ツ」）→ 本文として扱った: キ 在宅時医学総合管理料又は施設入居時等医学総合管理料に係る
注意: p.441: 番号「①」が並びに合わない（直前は「⑪」）→ 本文として扱った: ① 第９在宅療養支援診療所の１(１)コに掲げる過去１年間の緊
注意: p.441: 番号「②」が並びに合わない（直前は「⑪」）→ 本文として扱った: ② 第９在宅療養支援診療所の１(１)サに掲げる過去１年間の在
注意: p.442: 番号「①」が並びに合わない（直前は「⑪」）→ 本文として扱った: ① 第14の２在宅療養支援病院の１(１)シ①に掲げる過去１年
注意: p.442: 番号「②」が並びに合わない（直前は「⑪」）→ 本文として扱った: ② 第14の２在宅療養支援病院の１(１)スに掲げる過去１年間
注意: p.442: 番号「ア」が並びに合わない（直前は「ツ」）→ 本文として扱った: ア □
注意: p.442: 番号「イ」が並びに合わない（直前は「ツ」）→ 本文として扱った: イ 警察医として協力している □
注意: p.442: 番号「ウ」が並びに合わない（直前は「ツ」）→ 本文として扱った: ウ 幼児の健康診査（市町村を実施主体とする１歳６か月、３歳児
注意: p.442: 番号「エ」が並びに合わない（直前は「ツ」）→ 本文として扱った: エ □
注意: p.442: 番号「オ」が並びに合わない（直前は「ツ」）→ 本文として扱った: オ □
注意: p.442: 番号「カ」が並びに合わない（直前は「ツ」）→ 本文として扱った: カ □
注意: p.442: 番号「キ」が並びに合わない（直前は「ツ」）→ 本文として扱った: キ 通いの場や講演会等の市町村が行う一般介護予防事業に協力し
注意: p.449: 番号「①」が並びに合わない（直前は「⑪」）→ 本文として扱った: ① 診療所名
注意: p.449: 番号「②」が並びに合わない（直前は「⑪」）→ 本文として扱った: ② 研修を修了した医師の氏名
注意: p.449: 番号「③」が並びに合わない（直前は「⑪」）→ 本文として扱った: ③ 介護支援専門員及び相談支援専門員からの相談に
注意: p.449: 番号「④」が並びに合わない（直前は「⑪」）→ 本文として扱った: ④ 院外処方を行う場合の連携薬局名
注意: p.449: 番号「⑤」が並びに合わない（直前は「⑪」）→ 本文として扱った: ⑤ 敷地内が禁煙であること □
注意: p.449: 番号「⑥」が並びに合わない（直前は「⑪」）→ 本文として扱った: ⑥ 旨を院内掲示している
注意: p.449: 番号「⑥」が並びに合わない（直前は「⑪」）→ 本文として扱った: ⑥-2 介護サービス事業所の併設 □
注意: p.449: 番号「⑦」が並びに合わない（直前は「⑪」）→ 本文として扱った: ⑦ と
注意: p.450: 番号「⑧」が並びに合わない（直前は「⑪」）→ 本文として扱った: ⑧ 地域ケア会議に出席した実績があること □
注意: p.450: 番号「⑨」が並びに合わない（直前は「⑪」）→ 本文として扱った: ⑨ 適切な意思決定支援に関する指針を定めていること □
注意: p.450: 番号「⑩」が並びに合わない（直前は「⑪」）→ 本文として扱った: ⑩
注意: p.450: 番号「⑪」が重複している（原本の誤植と思われる）: ⑪
注意: p.450: 番号「⑪」が重複している（原本の誤植と思われる）: ⑪-2 した患者のうち、往診又は訪問診療を実施した患者 ％
注意: p.467: 番号「①」が並びに合わない（直前は「②」）→ 本文として扱った: ① 名 称
注意: p.467: 番号「②」が重複している（原本の誤植と思われる）: ② 所 在 地
注意: p.467: 番号「①」が並びに合わない（直前は「⑥」）→ 本文として扱った: ① 名 称
注意: p.467: 番号「②」が並びに合わない（直前は「⑥」）→ 本文として扱った: ② 所 在 地
注意: p.467: 番号「③」が並びに合わない（直前は「⑥」）→ 本文として扱った: ③ 開 設 者 氏 名
注意: p.467: 番号「④」が並びに合わない（直前は「⑥」）→ 本文として扱った: ④ 担当歯科医師名
注意: p.467: 番号「⑤」が並びに合わない（直前は「⑥」）→ 本文として扱った: ⑤ 調整担当者名
注意: p.467: 番号「⑥」が重複している（原本の誤植と思われる）: ⑥ 連 絡 方 法
注意: p.468: 番号「①」が並びに合わない（直前は「⑥」）→ 本文として扱った: ① 名称
注意: p.468: 番号「②」が並びに合わない（直前は「⑥」）→ 本文として扱った: ② 所在地
注意: p.468: 番号「③」が並びに合わない（直前は「⑥」）→ 本文として扱った: ③ 担当歯科医師名
注意: p.471: 番号「①」が並びに合わない（直前は「⑥」）→ 本文として扱った: ①院内感染防止対策委員会の活動状況
注意: p.471: 番号「②」が並びに合わない（直前は「⑥」）→ 本文として扱った: ②水道・消毒液の設置状況
注意: p.471: 番号「③」が並びに合わない（直前は「⑥」）→ 本文として扱った: ③感染情報レポートの作成・活用状況
注意: p.471: 番号「①」が並びに合わない（直前は「⑥」）→ 本文として扱った: ①安全管理のための指針の整備状況
注意: p.471: 番号「②」が並びに合わない（直前は「⑥」）→ 本文として扱った: ②安全管理の体制確保を目的とした医療事故等の院内報告制度の整
注意: p.471: 番号「③」が並びに合わない（直前は「⑥」）→ 本文として扱った: ③安全管理の体制確保のための委員会の開催状況
注意: p.471: 番号「④」が並びに合わない（直前は「⑥」）→ 本文として扱った: ④安全管理の体制確保のための職員研修の開催状況 年 回
注意: p.472: 番号「①」が並びに合わない（直前は「⑥」）→ 本文として扱った: ① 褥瘡に関する危険因子の評価を実施した患者数 人
注意: p.472: 番号「②」が並びに合わない（直前は「⑥」）→ 本文として扱った: ② ①のうち、褥瘡に関する危険因子を有す、或いは 人
注意: p.472: 番号「③」が並びに合わない（直前は「⑥」）→ 本文として扱った: ③ 褥瘡に関する診療計画を作成した患者数 人
注意: p.472: 番号「④」が並びに合わない（直前は「⑥」）→ 本文として扱った: ④ 体圧分散マットレス等に関する体制の整備
注意: p.472: 番号「④」が並びに合わない（直前は「⑥」）→ 本文として扱った: ④の記載は不要。
注意: p.472: 番号「①」が並びに合わない（直前は「⑥」）→ 本文として扱った: ①身体的拘束最小化チーム
注意: p.473: 番号「②」が並びに合わない（直前は「⑥」）→ 本文として扱った: ②身体的拘束の実施状況の把握、管理者を含む職員への周知方法の
注意: p.473: 番号「③」が並びに合わない（直前は「⑥」）→ 本文として扱った: ③身体的拘束を最小化するための指針の整備状況
注意: p.473: 番号「④」が並びに合わない（直前は「⑥」）→ 本文として扱った: ④身体的拘束の最小化に関する職員研修の開催状況 年 回
注意: p.475: 番号「①」が並びに合わない（直前は「⑥」）→ 本文として扱った: ① 入院患者数（報告月の前月の初日の入院患者数） 名
注意: p.475: 番号「②」が並びに合わない（直前は「⑥」）→ 本文として扱った: ② ①のうち、ｄ１以上の褥瘡を有していた患者数 名
注意: p.475: 番号「③」が並びに合わない（直前は「⑥」）→ 本文として扱った: ③ ②のうち、入院時に既に褥瘡を有していた患者数 名
注意: p.475: 番号「④」が並びに合わない（直前は「⑥」）→ 本文として扱った: ④ ②のうち、入院中に新たに褥瘡が発生した患者数 名
注意: p.475: 番号「⑤」が並びに合わない（直前は「⑥」）→ 本文として扱った: ⑤ 体圧分散マットレス等に関する体制の整備状況
注意: p.475: 番号「⑥」が重複している（原本の誤植と思われる）: ⑥ 褥瘡の重症度 入院時の褥瘡（③の患者の 院内発生した褥瘡
注意: p.476: 番号「①」が並びに合わない（直前は「⑪」）→ 本文として扱った: ① 当該病棟を退院又は転棟した患者のうち疾患別リハビリテー
注意: p.476: 番号「②」が並びに合わない（直前は「⑪」）→ 本文として扱った: ② ①のうち、入棟後３日（入棟日の翌々日）までに疾患別リハビ
注意: p.476: 番号「③」が並びに合わない（直前は「⑪」）→ 本文として扱った: ③ ②／① （８割以上） ％
注意: p.477: 番号「④」が並びに合わない（直前は「⑪」）→ 本文として扱った: ④ 当該病棟における平日における１日あたりの疾患別リハビリ
注意: p.477: 番号「⑤」が並びに合わない（直前は「⑪」）→ 本文として扱った: ⑤ 当該病棟における土日祝日における１日あたりの疾患別リハ
注意: p.477: 番号「⑥」が並びに合わない（直前は「⑪」）→ 本文として扱った: ⑥ ⑤／④ （８割以上） ％
注意: p.477: 番号「⑦」が並びに合わない（直前は「⑪」）→ 本文として扱った: ⑦ 当該病棟を退院又は転棟した患者数（死亡退院及び終末期
注意: p.477: 番号「⑧」が並びに合わない（直前は「⑪」）→ 本文として扱った: ⑧ ⑦のうち、退院又は転棟時におけるADL が入院時等と比較
注意: p.477: 番号「⑨」が並びに合わない（直前は「⑪」）→ 本文として扱った: ⑨ ⑧／⑦ （３％未満） ％
注意: p.477: 番号「⑩」が並びに合わない（直前は「⑪」）→ 本文として扱った: ⑩ 調査日（届出時の直近月の初日）の当該病棟の入院患者数
注意: p.477: 番号「⑪」が重複している（原本の誤植と思われる）: ⑪ 調査日に褥瘡（DESIGN-R2020 分類 d２以上）
注意: p.482: 番号「①」が並びに合わない（直前は「⑫」）→ 本文として扱った: ① 自院で内視鏡下嚥下機能検査を実施できる体制の有無 □ 有
注意: p.482: 番号「②」が並びに合わない（直前は「⑫」）→ 本文として扱った: ② 自院で嚥下造影を実施できる体制の有無 □ 有 □ 無
注意: p.482: 番号「③」が並びに合わない（直前は「⑫」）→ 本文として扱った: ③ 他の保険医療機関において内視鏡下嚥下機能検査を実施 □ 
注意: p.482: 番号「④」が並びに合わない（直前は「⑫」）→ 本文として扱った: ④ 他の保険医療機関において嚥下造影を実施できる体制の □ 
注意: p.486: 番号「①」が並びに合わない（直前は「⑫」）→ 本文として扱った: ① 医療区分１
注意: p.486: 番号「②」が並びに合わない（直前は「⑫」）→ 本文として扱った: ② 医療区分２
注意: p.486: 番号「③」が並びに合わない（直前は「⑫」）→ 本文として扱った: ③ 医療区分３
注意: p.486: 番号「④」が並びに合わない（直前は「⑫」）→ 本文として扱った: ④ 合 計
注意: p.486: 番号「⑤」が並びに合わない（直前は「⑫」）→ 本文として扱った: ⑤ ②＋③
注意: p.486: 番号「⑤」が並びに合わない（直前は「⑫」）→ 本文として扱った: ⑤ / ④
注意: p.493: 番号「①」が並びに合わない（直前は「⑫」）→ 本文として扱った: ① １日平均入院患者数〔Ａ〕 人（算出期間 年 月 日 ～ 
注意: p.493: 番号「②」が並びに合わない（直前は「⑫」）→ 本文として扱った: ② 月平均１日当たり看護職員配置数 人 〔Ｃ／（日数×８）〕
注意: p.493: 番号「③」が並びに合わない（直前は「⑫」）→ 本文として扱った: ③ 看護職員中の看護師の比率 ％
注意: p.493: 番号「④」が並びに合わない（直前は「⑫」）→ 本文として扱った: ④ 平均在院日数 日（算出期間 年 月 日 ～ 年 月 日）
注意: p.493: 番号「⑤」が並びに合わない（直前は「⑫」）→ 本文として扱った: ⑤ 夜勤時間帯（１６時間） 時 分 ～ 時 分
注意: p.493: 番号「⑥」が並びに合わない（直前は「⑫」）→ 本文として扱った: ⑥ 月平均夜勤時間数 時間 〔（Ｄ－Ｅ）／Ｂ〕※小数点第２位
注意: p.493: 番号「⑦」が並びに合わない（直前は「⑫」）→ 本文として扱った: ⑦ 月平均１日当たり当該入院料の施設基準の最小必要人数以上の
注意: p.493: 番号「⑧」が並びに合わない（直前は「⑫」）→ 本文として扱った: ⑧ 月平均１日当たり看護補助者配置数 人 ※小数点以下第２位
注意: p.493: 番号「⑨」が並びに合わない（直前は「⑫」）→ 本文として扱った: ⑨ 月平均１日当たり看護補助者夜間配置数 人 ※小数点以下第
注意: p.493: 番号「⑩」が並びに合わない（直前は「⑫」）→ 本文として扱った: ⑩ 月平均１日当たりの主として事務的業務を行う看護補助者配置
注意: p.493: 番号「⑪」が並びに合わない（直前は「⑫」）→ 本文として扱った: ⑪ 月平均１日当たり看護職員、作業療法士、精神保健福祉士及び
注意: p.495: 番号「①」が並びに合わない（直前は「⑫」）→ 本文として扱った: ①夜勤専従者、②急性期一般入院基本料、7対１及び10対１入院
注意: p.497: 番号「①」が並びに合わない（直前は「⑫」）→ 本文として扱った: ①患者数
注意: p.497: 番号「①」が並びに合わない（直前は「⑫」）→ 本文として扱った: ①／②
注意: p.498: 番号「ア」が並びに合わない（直前は「ツ」）→ 本文として扱った: ア 【基準①】 【基準②】
注意: p.499: 番号「ア」が並びに合わない（直前は「ツ」）→ 本文として扱った: ア 重症度、医療・看護 重症度、医療・看護
注意: p.499: 番号「ア」が並びに合わない（直前は「ツ」）→ 本文として扱った: ア 重症度、医療・看護 重症度、医療・看護
注意: p.500: 番号「ア」が並びに合わない（直前は「ツ」）→ 本文として扱った: ア 重症度、医療・看護 重症度、医療・看護
注意: p.502: 番号「①」が並びに合わない（直前は「⑫」）→ 本文として扱った: ①＝当該病院における全体の常勤の医師数 名
注意: p.502: 番号「②」が並びに合わない（直前は「⑫」）→ 本文として扱った: ②＝急性期一般入院料１及び７対１入院基本料以外の病床に係る医
注意: p.502: 番号「ア」が並びに合わない（直前は「ツ」）→ 本文として扱った: ア 一般病床（感染症病床も含む。）に入院する患者数 名
注意: p.502: 番号「イ」が並びに合わない（直前は「ツ」）→ 本文として扱った: イ 急性期一般入院料１及び７対１入院基本料を算定する病棟に入
注意: p.502: 番号「ウ」が並びに合わない（直前は「ツ」）→ 本文として扱った: ウ 結核病床に入院する患者数 名
注意: p.502: 番号「エ」が並びに合わない（直前は「ツ」）→ 本文として扱った: エ 療養病床に入院する患者数 名
注意: p.502: 番号「オ」が並びに合わない（直前は「ツ」）→ 本文として扱った: オ 精神病床に入院する患者数 名
注意: p.502: 番号「ア」が並びに合わない（直前は「ツ」）→ 本文として扱った: ア 一般病床（感染症病床も含む。）に入院する患者数 名
注意: p.502: 番号「イ」が並びに合わない（直前は「ツ」）→ 本文として扱った: イ 療養病床に入院する患者数 名
注意: p.502: 番号「ウ」が並びに合わない（直前は「ツ」）→ 本文として扱った: ウ 精神病床に入院する患者数 名
注意: p.503: 番号「①」が並びに合わない（直前は「⑫」）→ 本文として扱った: ① 直近６月間における退院患者数 名
注意: p.503: 番号「②」が並びに合わない（直前は「⑫」）→ 本文として扱った: ② ％
注意: p.505: 番号「①」が並びに合わない（直前は「⑫」）→ 本文として扱った: ① 病棟に配置されている精神保健福祉士
注意: p.505: 番号「②」が並びに合わない（直前は「⑫」）→ 本文として扱った: ② 退院支援部署に配置されている精神保健福祉士
注意: p.506: 番号「①」が並びに合わない（直前は「⑫」）→ 本文として扱った: ① 当該病棟での入院期間が１月未満の患者、再入院患者及び死亡
注意: p.506: 番号「②」が並びに合わない（直前は「⑫」）→ 本文として扱った: ② 在宅復帰率 （２）／① （５０％以上） ％
注意: p.506: 番号「③」が並びに合わない（直前は「⑫」）→ 本文として扱った: ③ 療管理料、脳卒中ケアユニット入院医療管理料又は地域包括ケ
注意: p.506: 番号「④」が並びに合わない（直前は「⑫」）→ 本文として扱った: ④ げる） 名
注意: p.506: 番号「⑤」が並びに合わない（直前は「⑫」）→ 本文として扱った: ⑤ ③／④ （０．１５以上）
注意: p.507: 番号「①」が並びに合わない（直前は「⑫」）→ 本文として扱った: ① 当該病棟の直近３か月の新規入院患者数 名
注意: p.507: 番号「②」が並びに合わない（直前は「⑫」）→ 本文として扱った: ② 上記入院患者のうち、GAF尺度30以下の患者数 名
注意: p.507: 番号「②」が並びに合わない（直前は「⑫」）→ 本文として扱った: ② ÷ ① × 100（50％以上） ％
注意: p.507: 番号「①」が並びに合わない（直前は「⑫」）→ 本文として扱った: ① 当該病棟の直近３か月の新規入院患者数 名
注意: p.507: 番号「②」が並びに合わない（直前は「⑫」）→ 本文として扱った: ② 上記入院患者のうち、GAF 尺度 30 以下又は区分番
注意: p.507: 番号「②」が並びに合わない（直前は「⑫」）→ 本文として扱った: ② ÷ ① × 100（40％以上） ％
注意: p.510: 番号「①」が並びに合わない（直前は「⑫」）→ 本文として扱った: ① 直近６月間における退院患者数（再入院患者、死亡退院患者を
注意: p.510: 番号「②」が並びに合わない（直前は「⑫」）→ 本文として扱った: ② 在宅復帰率 （２）／① （５０％以上） ％
注意: p.510: 番号「③」が並びに合わない（直前は「⑫」）→ 本文として扱った: ③ 当該病床における直近３月間の在院患者延べ日数 日
注意: p.510: 番号「④」が並びに合わない（直前は「⑫」）→ 本文として扱った: ④ 当該病床における当該３月間の新入院患者数 名
注意: p.510: 番号「⑤」が並びに合わない（直前は「⑫」）→ 本文として扱った: ⑤ 当該病床における当該３月間の新退院患者数（死亡退院を含む
注意: p.510: 番号「⑥」が並びに合わない（直前は「⑫」）→ 本文として扱った: ⑥ （④＋⑤）／２ 名
注意: p.510: 番号「⑦」が並びに合わない（直前は「⑫」）→ 本文として扱った: ⑦ 平均在院日数 ③／⑥（365日以内）（小数点以下は切り上
注意: p.516: 番号「①」が並びに合わない（直前は「⑫」）→ 本文として扱った: ①夜間看護配置加算１ ・ 夜間看護配置加算２
注意: p.516: 番号「②」が並びに合わない（直前は「⑫」）→ 本文として扱った: ②看取り加算
注意: p.521: 番号「①」が並びに合わない（直前は「⑫」）→ 本文として扱った: ① 直近６月間における退院患者数（再入院患者、死亡退院患者を
注意: p.521: 番号「②」が並びに合わない（直前は「⑫」）→ 本文として扱った: ② 在宅復帰率 （２）／① （７０％以上） ％
注意: p.521: 番号「③」が並びに合わない（直前は「⑫」）→ 本文として扱った: ③ 当該病床における直近３月間の在院患者延べ日数 日
注意: p.521: 番号「④」が並びに合わない（直前は「⑫」）→ 本文として扱った: ④ 当該病床における当該３月間の新入院患者数 名
注意: p.521: 番号「⑤」が並びに合わない（直前は「⑫」）→ 本文として扱った: ⑤ 当該病床における当該３月間の新退院患者数（死亡退院を含む
注意: p.521: 番号「⑥」が並びに合わない（直前は「⑫」）→ 本文として扱った: ⑥ （④＋⑤）／２ 名
注意: p.521: 番号「⑦」が並びに合わない（直前は「⑫」）→ 本文として扱った: ⑦ 平均在院日数 ③／⑥（90日以内）（小数点以下は切り上げ
注意: p.523: 番号「ア」が並びに合わない（直前は「ツ」）→ 本文として扱った: ア 人工心肺を用いた手術及び人工心肺を使用しない冠動脈、
注意: p.523: 番号「イ」が並びに合わない（直前は「ツ」）→ 本文として扱った: イ 悪性腫瘍手術（400件／年以上） （ ）件
注意: p.523: 番号「ウ」が並びに合わない（直前は「ツ」）→ 本文として扱った: ウ 腹腔鏡下手術（100件／年以上） （ ）件
注意: p.523: 番号「オ」が並びに合わない（直前は「ツ」）→ 本文として扱った: オ 化学療法（1,000件／年以上） （ ）件
注意: p.523: 番号「カ」が並びに合わない（直前は「ツ」）→ 本文として扱った: カ 分娩（100件／年以上） （ ）件
注意: p.523: 番号「①」が並びに合わない（直前は「⑫」）→ 本文として扱った: ① 総退院患者数 （ ）件
注意: p.524: 番号「②」が並びに合わない（直前は「⑫」）→ 本文として扱った: ② 診療情報提供料（Ⅰ）の「注８」の加算を算定する退院
注意: p.524: 番号「③」が並びに合わない（直前は「⑫」）→ 本文として扱った: ③ 転帰が治癒であり通院の必要のない退院患者数及び転帰
注意: p.526: 番号「ア」が並びに合わない（直前は「ツ」）→ 本文として扱った: ア 医療従事者の負担の軽減及び処遇の改善に関する責任者 氏名
注意: p.526: 番号「イ」が並びに合わない（直前は「ツ」）→ 本文として扱った: イ 医療従事者の勤務状況の把握等
注意: p.526: 番号「ウ」が並びに合わない（直前は「ツ」）→ 本文として扱った: ウ 多職種からなる役割分担推進のための委員会又は会議 開催頻
注意: p.526: 番号「エ」が並びに合わない（直前は「ツ」）→ 本文として扱った: エ 医療従事者の負担の軽減及び処遇の改善に資する計画 □ 計
注意: p.526: 番号「オ」が並びに合わない（直前は「ツ」）→ 本文として扱った: オ 医療従事者の負担の軽減及び処遇の改善に関する取組事項の公
注意: p.527: 番号「ア」が並びに合わない（直前は「ツ」）→ 本文として扱った: ア 看護職員の負担の軽減及び処遇の改善に関する責任者 氏名：
注意: p.527: 番号「イ」が並びに合わない（直前は「ツ」）→ 本文として扱った: イ 看護職員の勤務状況の把握等
注意: p.527: 番号「ウ」が並びに合わない（直前は「ツ」）→ 本文として扱った: ウ 多職種からなる役割分担推進のための委員会又は会議 開催頻
注意: p.527: 番号「エ」が並びに合わない（直前は「ツ」）→ 本文として扱った: エ 看護職員の負担の軽減及び処遇の改善に資する計画 □ 計画
注意: p.527: 番号「オ」が並びに合わない（直前は「ツ」）→ 本文として扱った: オ 看護職員の負担の軽減及び処遇の改善に関する取組事項 □ 
注意: p.528: 番号「ア」が並びに合わない（直前は「ツ」）→ 本文として扱った: ア 業務量の調整 □ 時間外労働が発生しないような業務量の調
注意: p.528: 番号「イ」が並びに合わない（直前は「ツ」）→ 本文として扱った: イ 看護職員と他職種との業務分担 □ 薬剤師 □ リハビリ職
注意: p.528: 番号「ウ」が並びに合わない（直前は「ツ」）→ 本文として扱った: ウ 看護補助者の配置 □ 主として事務的業務を行う看護補助者
注意: p.528: 番号「エ」が並びに合わない（直前は「ツ」）→ 本文として扱った: エ 短時間正規雇用の看護職員の活用 □ 短時間正規雇用の看護
注意: p.528: 番号「オ」が並びに合わない（直前は「ツ」）→ 本文として扱った: オ 多様な勤務形態の導入 □ 多様な勤務形態の導入
注意: p.528: 番号「カ」が並びに合わない（直前は「ツ」）→ 本文として扱った: カ 妊娠・子育て中、介護中の看護職員に対する □ 院内保育所
注意: p.528: 番号「キ」が並びに合わない（直前は「ツ」）→ 本文として扱った: キ 夜勤負担の軽減 □ 夜勤従事者の増員
注意: p.528: 番号「①」が並びに合わない（直前は「⑫」）→ 本文として扱った: ① 交代制勤務の種別 （□３交代、 □変則３交代、 □２交代
注意: p.528: 番号「②」が並びに合わない（直前は「⑫」）→ 本文として扱った: ② 夜間における看護業務の負担軽減に資する業務管理
注意: p.528: 番号「ア」が並びに合わない（直前は「ツ」）→ 本文として扱った: ア 11時間以上の勤務間隔の確保 □ □ □ □ □ □
注意: p.528: 番号「イ」が並びに合わない（直前は「ツ」）→ 本文として扱った: イ 正循環の交代周期の確保（３交代又は変則
注意: p.528: 番号「ウ」が並びに合わない（直前は「ツ」）→ 本文として扱った: ウ 夜勤の連続回数が２連続（２回）まで □ □ □ □ □ 
注意: p.528: 番号「エ」が並びに合わない（直前は「ツ」）→ 本文として扱った: エ 暦日の休日の確保 □ □ □ □ □ □
注意: p.528: 番号「オ」が並びに合わない（直前は「ツ」）→ 本文として扱った: オ 早出・遅出等の柔軟な勤務体制の工夫 □ □ □ □ □ 
注意: p.528: 番号「カ」が並びに合わない（直前は「ツ」）→ 本文として扱った: カ 夜間を含めた各部署の業務量の把握・調整
注意: p.528: 番号「キ」が並びに合わない（直前は「ツ」）→ 本文として扱った: キ 看護補助業務のうち５割以上が療養生活上
注意: p.528: 番号「ク」が並びに合わない（直前は「ツ」）→ 本文として扱った: ク 看護補助者の夜間配置 □ □
注意: p.528: 番号「ケ」が並びに合わない（直前は「ツ」）→ 本文として扱った: ケ みなし看護補助者を除いた看護補助者比率
注意: p.528: 番号「コ」が並びに合わない（直前は「ツ」）→ 本文として扱った: コ 夜間院内保育所の設置 □ □ □ □ □ □
注意: p.528: 番号「サ」が並びに合わない（直前は「ツ」）→ 本文として扱った: サ ICT、AI、IoT等の活用による業務負担軽減 □ □ 
注意: p.529: 番号「ア」が並びに合わない（直前は「ツ」）→ 本文として扱った: ア 医師の負担の軽減及び処遇の改善に関する責任者 氏名： 職
注意: p.529: 番号「イ」が並びに合わない（直前は「ツ」）→ 本文として扱った: イ 医師の勤務状況の把握等
注意: p.529: 番号「ウ」が並びに合わない（直前は「ツ」）→ 本文として扱った: ウ 多職種からなる役割分担推進のための委員会又は会議 開催頻
注意: p.529: 番号「エ」が並びに合わない（直前は「ツ」）→ 本文として扱った: エ 医師の負担の軽減及び処遇の改善に資する計画 □ 計画策定
注意: p.529: 番号「オ」が並びに合わない（直前は「ツ」）→ 本文として扱った: オ 医師の負担の軽減及び処遇の改善に関する取組事項の公開 □
注意: p.529: 番号「ア」が並びに合わない（直前は「ツ」）→ 本文として扱った: ア 必ず計画に含むもの
注意: p.529: 番号「イ」が並びに合わない（直前は「ツ」）→ 本文として扱った: イ ①～⑥のうち少なくとも２項目以上を含んでいること。ただし
注意: p.530: 番号「ア」が並びに合わない（直前は「ツ」）→ 本文として扱った: ア
注意: p.531: 番号「イ」が並びに合わない（直前は「ツ」）→ 本文として扱った: イ
注意: p.531: 番号「②」が並びに合わない（直前は「⑫」）→ 本文として扱った: ② うち、外来で化学療法を実施した実患者数 （ ）件／年
注意: p.531: 番号「③」が並びに合わない（直前は「⑫」）→ 本文として扱った: ③ ② ÷ ① ✕ 10 ＝ （ ）割
注意: p.531: 番号「ア」が並びに合わない（直前は「ツ」）→ 本文として扱った: ア 該当するものを記載すること。
注意: p.531: 番号「イ」が並びに合わない（直前は「ツ」）→ 本文として扱った: イ ・精神科医が速やかに診療に対応できる体制 （ □ 自院 
注意: p.532: 番号「ウ」が並びに合わない（直前は「ツ」）→ 本文として扱った: ウ □ 救急時医療情報閲覧機能を有している
注意: p.532: 番号「ア」が並びに合わない（直前は「ツ」）→ 本文として扱った: ア 院内迅速対応チームの構成員（救急又は集中治療の経験を有し
注意: p.532: 番号「エ」が並びに合わない（直前は「ツ」）→ 本文として扱った: エ 病状の急変の可能性がある入院患者及び病状が急変した入院患
注意: p.533: 番号「オ」が並びに合わない（直前は「ツ」）→ 本文として扱った: オ 院内講習の開催日（開催予定日）：
注意: p.533: 番号「ア」が並びに合わない（直前は「ツ」）→ 本文として扱った: ア 該当するものを記入すること。
注意: p.533: 番号「イ」が並びに合わない（直前は「ツ」）→ 本文として扱った: イ 前年度１年間の初診・再診の患者数を記入すること。
注意: p.533: 番号「③」が並びに合わない（直前は「⑫」）→ 本文として扱った: ③ 紹介患者数 （ ）名
注意: p.533: 番号「④」が並びに合わない（直前は「⑫」）→ 本文として扱った: ④ 逆紹介患者数 （ ）名
注意: p.533: 番号「⑤」が並びに合わない（直前は「⑫」）→ 本文として扱った: ⑤ 救急患者数 （ ）名
注意: p.533: 番号「⑥」が並びに合わない（直前は「⑫」）→ 本文として扱った: ⑥ 紹介割合 （ ）％
注意: p.533: 番号「⑦」が並びに合わない（直前は「⑫」）→ 本文として扱った: ⑦ 逆紹介割合 （ ）‰
注意: p.533: 番号「①」が並びに合わない（直前は「⑫」）→ 本文として扱った: ① 一般病棟の病床数の合計 （ ）床
注意: p.533: 番号「②」が並びに合わない（直前は「⑫」）→ 本文として扱った: ② 許可病床数の総数から精神病棟入院基本料、精神科救急急性期
注意: p.534: 番号「③」が並びに合わない（直前は「⑫」）→ 本文として扱った: ③ ① ÷ ② ✕ 10 ＝ （ ）割
注意: p.538: 番号「①」が並びに合わない（直前は「⑫」）→ 本文として扱った: ① 診療記録について電子的な一覧
注意: p.538: 番号「②」が並びに合わない（直前は「⑫」）→ 本文として扱った: ② 一覧表に登録されている患者デ
注意: p.538: 番号「③」が並びに合わない（直前は「⑫」）→ 本文として扱った: ③ 一覧表が作成されているソフト
注意: p.538: 番号「④」が並びに合わない（直前は「⑫」）→ 本文として扱った: ④ 退院患者の氏名、生年月日、年齢、
注意: p.538: 番号「⑤」が並びに合わない（直前は「⑫」）→ 本文として扱った: ⑤ 入院日・退院日 有 ・ 無
注意: p.538: 番号「⑥」が並びに合わない（直前は「⑫」）→ 本文として扱った: ⑥ 担当医氏名 有 ・ 無
注意: p.538: 番号「⑦」が並びに合わない（直前は「⑫」）→ 本文として扱った: ⑦ 担当診療科 有 ・ 無
注意: p.538: 番号「⑧」が並びに合わない（直前は「⑫」）→ 本文として扱った: ⑧ ICD（国際疾病分類）コード 有 ・ 無
注意: p.538: 番号「⑨」が並びに合わない（直前は「⑫」）→ 本文として扱った: ⑨ 手術コード（医科診療報酬点数表
注意: p.539: 番号「①」が並びに合わない（直前は「⑫」）→ 本文として扱った: ①１月間の退院患者数 名
注意: p.539: 番号「②」が並びに合わない（直前は「⑫」）→ 本文として扱った: ② ①のうち、退院日の翌日から起算して
注意: p.539: 番号「②」が並びに合わない（直前は「⑫」）→ 本文として扱った: ② ／ ① の値
注意: p.541: 番号「①」が並びに合わない（直前は「⑫」）→ 本文として扱った: ① 保険医療機関コード [ ]
注意: p.541: 番号「②」が並びに合わない（直前は「⑫」）→ 本文として扱った: ② 許可病床数 [ 床]
注意: p.541: 番号「③」が並びに合わない（直前は「⑫」）→ 本文として扱った: ③ 届出区分 加算１□ ／ 加算２□ ／ 加算３ □
注意: p.541: 番号「④」が並びに合わない（直前は「⑫」）→ 本文として扱った: ④ 病院・診療所の区分 病院 □ ／ 診療所 □
注意: p.541: 番号「①」が並びに合わない（直前は「⑫」）→ 本文として扱った: ① 電子カルテシステムの導入状況 □導入済
注意: p.541: 番号「②」が並びに合わない（直前は「⑫」）→ 本文として扱った: ② 文書作成（管理）システムの導入状況 □電子カルテ上で稼働
注意: p.541: 番号「③」が並びに合わない（直前は「⑫」）→ 本文として扱った: ③ オーダリングシステムの導入状況 □導入済
注意: p.541: 番号「④」が並びに合わない（直前は「⑫」）→ 本文として扱った: ④ 医用画像管理システム（PACS）の導入状況 □導入済
注意: p.541: 番号「⑤」が並びに合わない（直前は「⑫」）→ 本文として扱った: ⑤ 臨床検査部門システム（LIS）の導入状況 □導入済
注意: p.541: 番号「⑥」が並びに合わない（直前は「⑫」）→ 本文として扱った: ⑥ 標準規格（HL7 FHIR）への対応予定 診療情報提供書
注意: p.541: 番号「⑦」が並びに合わない（直前は「⑫」）→ 本文として扱った: ⑦ ⑥について「対応予定なし」と回答した場合、その理由を選択
注意: p.542: 番号「①」が並びに合わない（直前は「⑫」）→ 本文として扱った: ①保存対象のシステム ②保管頻度 ③世代管理 ④保管方式(複
注意: p.542: 番号「②」が並びに合わない（直前は「⑫」）→ 本文として扱った: ② システムの有事に備えた体制等について □体制図
注意: p.542: 番号「③」が並びに合わない（直前は「⑫」）→ 本文として扱った: ③ 過去１年間で、職員を対象とした 訓練： 回
注意: p.542: 番号「①」が並びに合わない（直前は「⑫」）→ 本文として扱った: ① 業務継続計画（ＢＣＰ）の策定 □策定済
注意: p.542: 番号「②」が並びに合わない（直前は「⑫」）→ 本文として扱った: ② ①による訓練・演習の実施 □実施済
注意: p.543: 番号「①」が並びに合わない（直前は「⑫」）→ 本文として扱った: ① 以下の②以外の病床
注意: p.543: 番号「②」が並びに合わない（直前は「⑫」）→ 本文として扱った: ② 50対１、75対１又は100 床 対１ 名
注意: p.543: 番号「①」が並びに合わない（直前は「⑫」）→ 本文として扱った: ① 医師の負担の軽減及び処遇の改善に資する具体的計画を策定し
注意: p.543: 番号「②」が並びに合わない（直前は「⑫」）→ 本文として扱った: ② 計画に基づき、医師事務作業補助者を配置している。
注意: p.543: 番号「③」が並びに合わない（直前は「⑫」）→ 本文として扱った: ③ 医師事務作業補助者の業務範囲について、関係法令に基づき規
注意: p.544: 番号「④」が並びに合わない（直前は「⑫」）→ 本文として扱った: ④ 診療記録の記載について、関係法令に基づき規程を文書で整備
注意: p.544: 番号「⑤」が並びに合わない（直前は「⑫」）→ 本文として扱った: ⑤ 個人情報保護について、関係法令に基づき規程を文書で整備し
注意: p.544: 番号「⑥」が並びに合わない（直前は「⑫」）→ 本文として扱った: ⑥ 医療機関内に電子カルテシステム又はオーダリングシステムを
注意: p.544: 番号「①」が並びに合わない（直前は「⑫」）→ 本文として扱った: ①第三次救急医療機関
注意: p.544: 番号「②」が並びに合わない（直前は「⑫」）→ 本文として扱った: ②総合周産期母子医療センターを有する医療機関
注意: p.544: 番号「③」が並びに合わない（直前は「⑫」）→ 本文として扱った: ③小児救急医療拠点病院
注意: p.544: 番号「④」が並びに合わない（直前は「⑫」）→ 本文として扱った: ④年間の緊急入院患者数が800名以上の実績を有する医療機関 
注意: p.544: 番号「⑤」が並びに合わない（直前は「⑫」）→ 本文として扱った: ⑤災害拠点病院
注意: p.544: 番号「⑥」が並びに合わない（直前は「⑫」）→ 本文として扱った: ⑥へき地医療拠点病院
注意: p.544: 番号「⑦」が並びに合わない（直前は「⑫」）→ 本文として扱った: ⑦地域医療支援病院
注意: p.544: 番号「⑧」が並びに合わない（直前は「⑫」）→ 本文として扱った: ⑧「基本診療料の施設基準等」別表第６の２に掲げる地域に所在す
注意: p.544: 番号「⑨」が並びに合わない（直前は「⑫」）→ 本文として扱った: ⑨年間の緊急入院患者数が200名以上の実績を有する医療機関 
注意: p.544: 番号「⑩」が並びに合わない（直前は「⑫」）→ 本文として扱った: ⑩年間の全身麻酔による手術件数が800件以上の実績を有す
注意: p.544: 番号「⑪」が並びに合わない（直前は「⑫」）→ 本文として扱った: ⑪年間の緊急入院患者数が100名以上の実績を有する医療機関 
注意: p.544: 番号「⑫」が重複している（原本の誤植と思われる）: ⑫年間の緊急入院患者数が50名以上の実績を有する医療機関 年
注意: p.548: 番号「①」が並びに合わない（直前は「⑫」）→ 本文として扱った: ① 当該病棟の入院患者延べ数
注意: p.548: 番号「②」が並びに合わない（直前は「⑫」）→ 本文として扱った: ② ①のうちＡＤＬ区分３の患者の延べ数 名
注意: p.548: 番号「③」が並びに合わない（直前は「⑫」）→ 本文として扱った: ③ ＡＤＬ区分３の患者の割合（②／①） ％
注意: p.548: 番号「①」が並びに合わない（直前は「⑫」）→ 本文として扱った: ① 年間の緊急入院患者数が 200 名以上の実績を有する病院
注意: p.548: 番号「②」が並びに合わない（直前は「⑫」）→ 本文として扱った: ② 総合周産期母子医療センターを有する医療機関
注意: p.556: 番号「①」が並びに合わない（直前は「⑫」）→ 本文として扱った: ① 合 計 床
注意: p.556: 番号「②」が並びに合わない（直前は「⑫」）→ 本文として扱った: ② 当該加算を算定できる入院料に係る届
注意: p.556: 番号「④」が並びに合わない（直前は「⑫」）→ 本文として扱った: ④ 割 合（①／②）×100 ％
注意: p.557: 番号「①」が並びに合わない（直前は「⑫」）→ 本文として扱った: ① ② ③ 療養上の必要から
注意: p.557: 番号「④」が並びに合わない（直前は「⑫」）→ 本文として扱った: ④
注意: p.557: 番号「⑤」が並びに合わない（直前は「⑫」）→ 本文として扱った: ⑤
注意: p.567: 番号「ア」が並びに合わない（直前は「ツ」）→ 本文として扱った: ア 医療機能評価機構等が行う医療機能評価
注意: p.567: 番号「イ」が並びに合わない（直前は「ツ」）→ 本文として扱った: イ がん診療の拠点となる病院 ウ ア、イに準じる病院
注意: p.568: 番号「ア」が並びに合わない（直前は「ツ」）→ 本文として扱った: ア 身体症状、精神症状の緩
注意: p.568: 番号「イ」が並びに合わない（直前は「ツ」）→ 本文として扱った: イ 緩和ケアの経験を有する
注意: p.568: 番号「ウ」が並びに合わない（直前は「ツ」）→ 本文として扱った: ウ 緩和ケアの経験を有する
注意: p.569: 番号「ア」が並びに合わない（直前は「ツ」）→ 本文として扱った: ア 身体症状の緩和を □専従
注意: p.569: 番号「イ」が並びに合わない（直前は「ツ」）→ 本文として扱った: イ 精神症状の緩和を □専従
注意: p.569: 番号「ウ」が並びに合わない（直前は「ツ」）→ 本文として扱った: ウ 緩和ケアの経験を □常勤 □専従 □緩和ケア診療
注意: p.569: 番号「エ」が並びに合わない（直前は「ツ」）→ 本文として扱った: エ 緩和ケアの経験を □常勤 □専従 □緩和ケア診療
注意: p.569: 番号「オ」が並びに合わない（直前は「ツ」）→ 本文として扱った: オ 小児科の診療に従事し
注意: p.569: 番号「カ」が並びに合わない（直前は「ツ」）→ 本文として扱った: カ 小児患者の看護に従事
注意: p.569: 番号「ア」が並びに合わない（直前は「ツ」）→ 本文として扱った: ア 医療機能評価機構等が行う医療機能評価
注意: p.569: 番号「イ」が並びに合わない（直前は「ツ」）→ 本文として扱った: イ がん診療の拠点となる病院 ウ ア、イに準じる病院
注意: p.573: 番号「①」が並びに合わない（直前は「⑫」）→ 本文として扱った: ① 当該病院において、１月１日にお 人
注意: p.573: 番号「②」が並びに合わない（直前は「⑫」）→ 本文として扱った: ② 当該病院において、１月１日にお 人
注意: p.573: 番号「①」が並びに合わない（直前は「⑫」）→ 本文として扱った: ①/② ％
注意: p.579: 番号「ア」が並びに合わない（直前は「ツ」）→ 本文として扱った: ア 栄養管理に係る所定の研修を修了した常勤医師 常勤・常勤換
注意: p.579: 番号「イ」が並びに合わない（直前は「ツ」）→ 本文として扱った: イ 栄養管理に係る所定の研修を修了した常勤看護師 常勤・常勤
注意: p.579: 番号「ウ」が並びに合わない（直前は「ツ」）→ 本文として扱った: ウ 栄養管理に係る所定の研修を修了した常勤薬剤師 常勤・常勤
注意: p.579: 番号「エ」が並びに合わない（直前は「ツ」）→ 本文として扱った: エ 栄養管理に係る所定の研修を修了した常勤管理栄養士 常勤・
注意: p.579: 番号「オ」が並びに合わない（直前は「ツ」）→ 本文として扱った: オ その他の栄養サポートチーム構成員（職種及び職種毎の人数を
注意: p.580: 番号「ア」が並びに合わない（直前は「ツ」）→ 本文として扱った: ア 医療安全対策加算１
注意: p.580: 番号「イ」が並びに合わない（直前は「ツ」）→ 本文として扱った: イ 医療安全対策加算２
注意: p.581: 番号「ア」が並びに合わない（直前は「ツ」）→ 本文として扱った: ア 専任の常勤医師
注意: p.581: 番号「イ」が並びに合わない（直前は「ツ」）→ 本文として扱った: イ 専任の看護師
注意: p.581: 番号「ウ」が並びに合わない（直前は「ツ」）→ 本文として扱った: ウ 専任の薬剤師
注意: p.581: 番号「エ」が並びに合わない（直前は「ツ」）→ 本文として扱った: エ 専任の臨床検査技師
注意: p.582: 番号「ア」が並びに合わない（直前は「ツ」）→ 本文として扱った: ア 感染症診療に３年以
注意: p.582: 番号「イ」が並びに合わない（直前は「ツ」）→ 本文として扱った: イ ５年以上感染管理に 年 □
注意: p.582: 番号「ウ」が並びに合わない（直前は「ツ」）→ 本文として扱った: ウ ３年以上の病院勤務経験をもつ感
注意: p.582: 番号「エ」が並びに合わない（直前は「ツ」）→ 本文として扱った: エ ３年以上の病院勤務経験をもつ微 年
注意: p.590: 番号「ア」が並びに合わない（直前は「ツ」）→ 本文として扱った: ア 褥瘡リスクアセスメント票・褥瘡予防治療計画書を作成し、そ
注意: p.590: 番号「イ」が並びに合わない（直前は「ツ」）→ 本文として扱った: イ 褥瘡対策チームとの連携状況、院内研修の実績、褥瘡リスクア
注意: p.590: 番号「ウ」が並びに合わない（直前は「ツ」）→ 本文として扱った: ウ 褥瘡対策に係るカンファレンスが週１回程度開催されており、
注意: p.590: 番号「エ」が並びに合わない（直前は「ツ」）→ 本文として扱った: エ 総合的な褥瘡管理対策に係る体制確保のための職員研修を計画
注意: p.590: 番号「オ」が並びに合わない（直前は「ツ」）→ 本文として扱った: オ 重点的な褥瘡ケアが必要な入院患者（褥瘡の予防・管理が難し
注意: p.591: 番号「①」が並びに合わない（直前は「⑫」）→ 本文として扱った: ① 入院患者数（報告月の前月の１ヶ月間の入院患者数）
注意: p.591: 番号「②」が並びに合わない（直前は「⑫」）→ 本文として扱った: ② ①のうち、褥瘡リスクアセスメント実施人数 名
注意: p.591: 番号「③」が並びに合わない（直前は「⑫」）→ 本文として扱った: ③ ②のうち、褥瘡ハイリスク項目に該当する患者数 名
注意: p.591: 番号「イ」が並びに合わない（直前は「ツ」）→ 本文として扱った: イ
注意: p.591: 番号「ス」が並びに合わない（直前は「ツ」）→ 本文として扱った: ス
注意: p.591: 番号「ク」が並びに合わない（直前は「ツ」）→ 本文として扱った: ク
注意: p.591: 番号「④」が並びに合わない（直前は「⑫」）→ 本文として扱った: ④ 本加算を算定した人数 名
注意: p.595: 番号「ア」が並びに合わない（直前は「ツ」）→ 本文として扱った: ア 人工呼吸器管理等について十分な経験のある医師 年
注意: p.595: 番号「イ」が並びに合わない（直前は「ツ」）→ 本文として扱った: イ 人工呼吸器管理や呼吸ケアの経験を有する看護師 年
注意: p.595: 番号「ウ」が並びに合わない（直前は「ツ」）→ 本文として扱った: ウ 人工呼吸器等の保守点検の経験を３年以上有する臨床
注意: p.595: 番号「エ」が並びに合わない（直前は「ツ」）→ 本文として扱った: エ 呼吸器リハビリテーション等の経験を５年以上有する
注意: p.595: 番号「①」が並びに合わない（直前は「⑫」）→ 本文として扱った: ①呼吸ケアチームによる診療を行った患者数 人
注意: p.595: 番号「②」が並びに合わない（直前は「⑫」）→ 本文として扱った: ②呼吸ケアチームによる診療の延べ回数 回
注意: p.595: 番号「③」が並びに合わない（直前は「⑫」）→ 本文として扱った: ③①の患者のうち人工呼吸器離脱に至った患者数 人
注意: p.595: 番号「④」が並びに合わない（直前は「⑫」）→ 本文として扱った: ④③の患者の 1人あたり平均人工呼吸器装着日数 平均 日／人
注意: p.596: 番号「ア」が並びに合わない（直前は「ツ」）→ 本文として扱った: ア 麻酔に従事する常勤の医師 年
注意: p.596: 番号「イ」が並びに合わない（直前は「ツ」）→ 本文として扱った: イ 手術室または周術期管理センター等の勤務経験が２年
注意: p.596: 番号「ウ」が並びに合わない（直前は「ツ」）→ 本文として扱った: ウ 薬剤師としての勤務経験を５年以上有し、かつ、うち
注意: p.596: 番号「エ」が並びに合わない（直前は「ツ」）→ 本文として扱った: エ その他の術後疼痛管理チーム構成員（職種及び職種毎
注意: p.599: 番号「②」が並びに合わない（直前は「⑫」）→ 本文として扱った: ②のうち、バイオ後続品の規格単位数量（③）
注意: p.599: 番号「⑤」が並びに合わない（直前は「⑫」）→ 本文として扱った: ⑤のうち、バイオ後続品の規格単位数量（⑥）
注意: p.601: 番号「①」が並びに合わない（直前は「⑫」）→ 本文として扱った: ① 出向先の保険医療機関について、当該地域における医療機関に
注意: p.601: 番号「②」が並びに合わない（直前は「⑫」）→ 本文として扱った: ② 出向する薬剤師は、概ね３年以上の病院勤務経験を有し、かつ
注意: p.601: 番号「③」が並びに合わない（直前は「⑫」）→ 本文として扱った: ③ 出向の期間は、地域の実情を踏まえ、出向先の保険医療機関、
注意: p.601: 番号「④」が並びに合わない（直前は「⑫」）→ 本文として扱った: ④ 都道府県と協議したことがわかる内容について、計画書に記載
注意: p.606: 番号「①」が並びに合わない（直前は「⑫」）→ 本文として扱った: ① 過去１年間の介護支援等連携指導料の算定回数 （ ）回
注意: p.606: 番号「②」が並びに合わない（直前は「⑫」）→ 本文として扱った: ② （ ）回
注意: p.606: 番号「③」が並びに合わない（直前は「⑫」）→ 本文として扱った: ③ ①、②の合計 （ ）回
注意: p.606: 番号「④」が並びに合わない（直前は「⑫」）→ 本文として扱った: ④
注意: p.606: 番号「⑤」が並びに合わない（直前は「⑫」）→ 本文として扱った: ⑤
注意: p.606: 番号「⑥」が並びに合わない（直前は「⑫」）→ 本文として扱った: ⑥
注意: p.606: 番号「⑦」が並びに合わない（直前は「⑫」）→ 本文として扱った: ⑦ ④から⑥の「基準」の合計
注意: p.608: 番号「ア」が並びに合わない（直前は「ツ」）→ 本文として扱った: ア 専任の常勤医師 □ 常勤換算
注意: p.608: 番号「イ」が並びに合わない（直前は「ツ」）→ 本文として扱った: イ 専任の常勤看護師
注意: p.608: 番号「ウ」が並びに合わない（直前は「ツ」）→ 本文として扱った: ウ 常勤社会福祉士又
注意: p.608: 番号「エ」が並びに合わない（直前は「ツ」）→ 本文として扱った: エ その他の者
注意: p.608: 番号「①」が並びに合わない（直前は「⑫」）→ 本文として扱った: ①認知症患者に関 ② ①のうち ③ ①のうち ④ 受講率
注意: p.609: 番号「ア」が並びに合わない（直前は「ツ」）→ 本文として扱った: ア 精神科もしくは神経内科の医師、あるいは研修を受講した医師
注意: p.609: 番号「イ」が並びに合わない（直前は「ツ」）→ 本文として扱った: イ 認知症看護に係る適切な研修を修了していることが確認できる
注意: p.609: 番号「ウ」が並びに合わない（直前は「ツ」）→ 本文として扱った: ウ 該当する職種を○で囲み、認知症患者又は要介護者の退院調整
注意: p.609: 番号「エ」が並びに合わない（直前は「ツ」）→ 本文として扱った: エ 該当する者がいる場合に記入し、該当する職種を○で囲むこと
注意: p.612: 番号「②」が並びに合わない（直前は「⑫」）→ 本文として扱った: ②÷①×１００ ％
注意: p.614: 番号「①」が並びに合わない（直前は「⑫」）→ 本文として扱った: ① （ ） 件 □ ①（≧20件）
注意: p.614: 番号「②」が並びに合わない（直前は「⑫」）→ 本文として扱った: ② （ ） 件 □ ②（≧８件）
注意: p.614: 番号「③」が並びに合わない（直前は「⑫」）→ 本文として扱った: ③ （ ） 名 ④ （ ） 名 ⑤ （ ） 名
注意: p.614: 番号「⑦」が並びに合わない（直前は「⑫」）→ 本文として扱った: ⑦ （ ） 名 ⑧ （ ） 名 ⑨ （ ） 名
注意: p.614: 番号「⑪」が並びに合わない（直前は「⑫」）→ 本文として扱った: ⑪ （ ） 名 ⑫ （ ） 名 ⑬ （ ） 名
注意: p.615: 番号「②」が並びに合わない（直前は「⑫」）→ 本文として扱った: ②÷①×100 （ ） ％
注意: p.615: 番号「④」が並びに合わない（直前は「⑫」）→ 本文として扱った: ④÷③×100 （ ）％
注意: p.616: 番号「ア」が並びに合わない（直前は「ツ」）→ 本文として扱った: ア 医師 □その他の診療科
注意: p.616: 番号「イ」が並びに合わない（直前は「ツ」）→ 本文として扱った: イ 専任の常勤看護師
注意: p.616: 番号「ウ」が並びに合わない（直前は「ツ」）→ 本文として扱った: ウ 専任の常勤理学療法士
注意: p.618: 番号「ア」が並びに合わない（直前は「ツ」）→ 本文として扱った: ア 医療機関に勤務する医師数 常勤： （ ）名 非常勤： （
注意: p.618: 番号「イ」が並びに合わない（直前は「ツ」）→ 本文として扱った: イ 病院勤務医の勤務状況の把握等（令和 年 月分）
注意: p.618: 番号「ウ」が並びに合わない（直前は「ツ」）→ 本文として扱った: ウ 前年度１年間における時間外・休日労働時間が一定時間を超え
注意: p.618: 番号「ア」が並びに合わない（直前は「ツ」）→ 本文として扱った: ア 病院勤務医の負担の軽減及び処遇の改善に関する責任者 氏名
注意: p.618: 番号「イ」が並びに合わない（直前は「ツ」）→ 本文として扱った: イ 多職種からなる役割分担推進のための委員会又は会議 開催頻
注意: p.618: 番号「ウ」が並びに合わない（直前は「ツ」）→ 本文として扱った: ウ 医師労働時間短縮計画 □ 計画策定 （初回の策定年月日：
注意: p.618: 番号「エ」が並びに合わない（直前は「ツ」）→ 本文として扱った: エ 病院勤務医の負担の軽減及び処遇の改善に関する取組事項の公
注意: p.620: 番号「ア」が並びに合わない（直前は「ツ」）→ 本文として扱った: ア 医療機関に勤務する医師数 常勤： （ ）名 非常勤： （
注意: p.620: 番号「イ」が並びに合わない（直前は「ツ」）→ 本文として扱った: イ 病院勤務医の勤務状況の把握等（令和６年６月分）
注意: p.620: 番号「ウ」が並びに合わない（直前は「ツ」）→ 本文として扱った: ウ 令和５年度１年間における時間外・休日労働時間が一定時間を
注意: p.620: 番号「ア」が並びに合わない（直前は「ツ」）→ 本文として扱った: ア 医療機関に勤務する医師数 常勤： （ ）名 非常勤： （
注意: p.620: 番号「イ」が並びに合わない（直前は「ツ」）→ 本文として扱った: イ 病院勤務医の勤務状況の把握等（令和５年６月分）
注意: p.621: 番号「ウ」が並びに合わない（直前は「ツ」）→ 本文として扱った: ウ 令和４年度１年間における時間外・休日労働時間が一定時間を
注意: p.621: 番号「ア」が並びに合わない（直前は「ツ」）→ 本文として扱った: ア 医療機関に勤務する医師数 常勤： （ ）名 非常勤： （
注意: p.621: 番号「イ」が並びに合わない（直前は「ツ」）→ 本文として扱った: イ 病院勤務医の勤務状況の把握等（令和４年６月分）
注意: p.621: 番号「ウ」が並びに合わない（直前は「ツ」）→ 本文として扱った: ウ 令和３年度１年間における時間外・休日労働時間が一定時間を
注意: p.622: 番号「ア」が並びに合わない（直前は「ツ」）→ 本文として扱った: ア 診療放射線技師
注意: p.622: 番号「イ」が並びに合わない（直前は「ツ」）→ 本文として扱った: イ 臨床検査技師
注意: p.622: 番号「ウ」が並びに合わない（直前は「ツ」）→ 本文として扱った: ウ 臨床工学技士
注意: p.622: 番号「エ」が並びに合わない（直前は「ツ」）→ 本文として扱った: エ 救急救命士
注意: p.624: 番号「①」が並びに合わない（直前は「⑫」）→ 本文として扱った: ① 他の保険医療機関 □
注意: p.624: 番号「②」が並びに合わない（直前は「⑫」）→ 本文として扱った: ② □
注意: p.624: 番号「③」が並びに合わない（直前は「⑫」）→ 本文として扱った: ③ 児童福祉法に基づく障害児相談支援事業所等 □
注意: p.624: 番号「④」が並びに合わない（直前は「⑫」）→ 本文として扱った: ④ □
注意: p.624: 番号「⑤」が並びに合わない（直前は「⑫」）→ 本文として扱った: ⑤ □
注意: p.629: 番号「①」が並びに合わない（直前は「⑫」）→ 本文として扱った: ① 直近１年間における新規入室患者数
注意: p.629: 番号「②」が並びに合わない（直前は「⑫」）→ 本文として扱った: ② ①のうち、入室日のＳＯＦＡスコアが５以上の者 名
注意: p.629: 番号「③」が並びに合わない（直前は「⑫」）→ 本文として扱った: ③ 入室日のＳＯＦＡスコアが５以上の者の割合（②／①） ％
注意: p.629: 番号「①」が並びに合わない（直前は「⑫」）→ 本文として扱った: ① 直近１年間における新規入室患者数
注意: p.629: 番号「②」が並びに合わない（直前は「⑫」）→ 本文として扱った: ② ①のうち、入室日のＳＯＦＡスコアが３以上の者 名
注意: p.629: 番号「③」が並びに合わない（直前は「⑫」）→ 本文として扱った: ③ 入室日のＳＯＦＡスコアが３以上の者の割合（②／①） ％
注意: p.633: 番号「①」が並びに合わない（直前は「⑫」）→ 本文として扱った: ①の経験年数が５年に満たない場合は、①と②をそれぞれ記入する
注意: p.633: 番号「①」が並びに合わない（直前は「⑫」）→ 本文として扱った: ① 救命救急入院料、特定集中治療室管理料、ハイケアユニット入
注意: p.633: 番号「②」が並びに合わない（直前は「⑫」）→ 本文として扱った: ② 回復期リハビリテーション病棟において専従で勤務した経験年
注意: p.635: 番号「①」が並びに合わない（直前は「⑫」）→ 本文として扱った: ①
注意: p.635: 番号「③」が並びに合わない（直前は「⑫」）→ 本文として扱った: ③
注意: p.635: 番号「④」が並びに合わない（直前は「⑫」）→ 本文として扱った: ④
注意: p.635: 番号「⑤」が並びに合わない（直前は「⑫」）→ 本文として扱った: ⑤
注意: p.637: 番号「ア」が並びに合わない（直前は「ツ」）→ 本文として扱った: ア 集中治療を必要とする患者の看護に
注意: p.637: 番号「イ」が並びに合わない（直前は「ツ」）→ 本文として扱った: イ 救命救急入院料２又は４若しくは特
注意: p.637: 番号「ウ」が並びに合わない（直前は「ツ」）→ 本文として扱った: ウ 集中治療を必要とする患者の看護に 年
注意: p.639: 番号「③」が並びに合わない（直前は「⑫」）→ 本文として扱った: ③ 重症度、医療・看護必要度の基準を満たす患者の割
注意: p.640: 番号「①」が並びに合わない（直前は「⑫」）→ 本文として扱った: ① 入室患者延べ数 名 入室患者延べ数
注意: p.640: 番号「②」が並びに合わない（直前は「⑫」）→ 本文として扱った: ②【割合①】①のうち重症度、医療・看護必要度のA
注意: p.640: 番号「②」が並びに合わない（直前は「⑫」）→ 本文として扱った: ②／①）
注意: p.640: 番号「③」が並びに合わない（直前は「⑫」）→ 本文として扱った: ③【割合①】重症度、医療・看護必要度のA項目
注意: p.640: 番号「②」が並びに合わない（直前は「⑫」）→ 本文として扱った: ②／①）
注意: p.640: 番号「④」が並びに合わない（直前は「⑫」）→ 本文として扱った: ④【割合②】重症度、医療・看護必要度のA項目
注意: p.640: 番号「⑤」が並びに合わない（直前は「⑫」）→ 本文として扱った: ⑤【割合②】重症度、医療・看護必要度のA項目
注意: p.645: 番号「①」が並びに合わない（直前は「⑫」）→ 本文として扱った: ①のうち脳梗塞、脳出血、
注意: p.649: 番号「ア」が並びに合わない（直前は「ツ」）→ 本文として扱った: ア 当該病棟における直近３月間における新規患者数
注意: p.649: 番号「イ」が並びに合わない（直前は「ツ」）→ 本文として扱った: イ アのうち、重症度、医療看護必要度の基準②
注意: p.649: 番号「ウ」が並びに合わない（直前は「ツ」）→ 本文として扱った: ウ 当該病棟における直近３月間における新規患者数
注意: p.649: 番号「エ」が並びに合わない（直前は「ツ」）→ 本文として扱った: エ ウのうち、同一の保険医療機関の一般病棟から転棟した患者 
注意: p.649: 番号「オ」が並びに合わない（直前は「ツ」）→ 本文として扱った: オ アのうち、救急搬送後の患者で、入院初日から当該病棟に
注意: p.649: 番号「ア」が並びに合わない（直前は「ツ」）→ 本文として扱った: ア 当該病棟における直近６月間における退院患者数
注意: p.649: 番号「イ」が並びに合わない（直前は「ツ」）→ 本文として扱った: イ 当該病棟における直近６月間における転棟患者数
注意: p.650: 番号「ア」が並びに合わない（直前は「ツ」）→ 本文として扱った: ア 当該病棟における直近１年間における退院・転棟患者数
注意: p.650: 番号「イ」が並びに合わない（直前は「ツ」）→ 本文として扱った: イ アのうち、ＡＤＬが入院時と比較して低下した患者数 名
注意: p.657: 番号「ア」が並びに合わない（直前は「ツ」）→ 本文として扱った: ア 11時間以上の勤務間隔の確保 □
注意: p.657: 番号「イ」が並びに合わない（直前は「ツ」）→ 本文として扱った: イ 正循環の交代周期の確保（３交代又は変則３交代のみ） □
注意: p.657: 番号「ウ」が並びに合わない（直前は「ツ」）→ 本文として扱った: ウ 夜勤の連続回数が２連続（２回）まで □
注意: p.657: 番号「エ」が並びに合わない（直前は「ツ」）→ 本文として扱った: エ 暦日の休日の確保 □
注意: p.657: 番号「オ」が並びに合わない（直前は「ツ」）→ 本文として扱った: オ 早出・遅出等の柔軟な勤務体制の工夫 □
注意: p.657: 番号「カ」が並びに合わない（直前は「ツ」）→ 本文として扱った: カ 夜間を含めた各部署の業務量の把握・調整するシステムの構築
注意: p.657: 番号「キ」が並びに合わない（直前は「ツ」）→ 本文として扱った: キ 夜間院内保育所の設置 □
注意: p.657: 番号「ク」が並びに合わない（直前は「ツ」）→ 本文として扱った: ク ICT、AI、IoT等の活用による業務負担軽減 □
注意: p.659: 番号「①」が並びに合わない（直前は「⑫」）→ 本文として扱った: ① 当該病棟（回復期リハビリテーション入院医療
注意: p.659: 番号「②」が並びに合わない（直前は「⑫」）→ 本文として扱った: ② 脳血管疾患、脊髄損傷、頭部外傷、くも膜下出
注意: p.659: 番号「③」が並びに合わない（直前は「⑫」）→ 本文として扱った: ③ 大腿骨、骨盤、脊椎、股関節又は膝関節の骨折
注意: p.659: 番号「④」が並びに合わない（直前は「⑫」）→ 本文として扱った: ④ 外科手術又は肺炎等の治療時の安静により生じ
注意: p.659: 番号「⑤」が並びに合わない（直前は「⑫」）→ 本文として扱った: ⑤ 大腿骨、骨盤、脊椎、股関節又は膝関節の神経、
注意: p.659: 番号「⑥」が並びに合わない（直前は「⑫」）→ 本文として扱った: ⑥ 股関節又は膝関節の置換術後の状態 名
注意: p.659: 番号「⑦」が並びに合わない（直前は「⑫」）→ 本文として扱った: ⑦ 急性心筋梗塞、狭心症発作その他急性発症した
注意: p.659: 番号「⑧」が並びに合わない（直前は「⑫」）→ 本文として扱った: ⑧ ②～⑦に準ずるもの 名
注意: p.659: 番号「⑨」が並びに合わない（直前は「⑫」）→ 本文として扱った: ⑨ 小計（②＋③＋④＋⑤＋⑥＋⑦＋⑧） 名
注意: p.661: 番号「①」が並びに合わない（直前は「⑫」）→ 本文として扱った: ① 直近６か月間における退院患者数 名
注意: p.661: 番号「②」が並びに合わない（直前は「⑫」）→ 本文として扱った: ② 在宅復帰率 (1)／① ％
注意: p.661: 番号「③」が並びに合わない（直前は「⑫」）→ 本文として扱った: ③ 直近６か月間に当該病棟に新たに入院した患者数 名
注意: p.661: 番号「④」が並びに合わない（直前は「⑫」）→ 本文として扱った: ④ 名
注意: p.661: 番号「⑤」が並びに合わない（直前は「⑫」）→ 本文として扱った: ⑤ 新規入院患者における重症者の割合 ④／③ ％
注意: p.661: 番号「⑥」が並びに合わない（直前は「⑫」）→ 本文として扱った: ⑥ 機能評価が10点以上又はＦＩＭ総得点が55点以下であった
注意: p.661: 番号「⑦」が並びに合わない（直前は「⑫」）→ 本文として扱った: ⑦ 評価が、入院時に比較して４点以上又はＦＩＭ総得点が12点
注意: p.661: 番号「⑧」が並びに合わない（直前は「⑫」）→ 本文として扱った: ⑧ ％
注意: p.662: 番号「⑨」が並びに合わない（直前は「⑫」）→ 本文として扱った: ⑨ リハビリテーション病棟に入院していた回復期リハビリテーシ
注意: p.662: 番号「⑩」が並びに合わない（直前は「⑫」）→ 本文として扱った: ⑩ ションの休日・休日以外別総単位数 単位 単位
注意: p.662: 番号「⑪」が並びに合わない（直前は「⑫」）→ 本文として扱った: ⑪ １日当たりリハビリテーション提供単位数（⑩/⑨） 単位 
注意: p.664: 番号「①」が並びに合わない（直前は「⑫」）→ 本文として扱った: ① 直近６か月間における退院患者数 名
注意: p.664: 番号「②」が並びに合わない（直前は「⑫」）→ 本文として扱った: ② 在宅復帰率 (1)／① ％
注意: p.664: 番号「③」が並びに合わない（直前は「⑫」）→ 本文として扱った: ③ 直近６か月間に当該病棟又は病室に新たに入院した患者数 名
注意: p.664: 番号「④」が並びに合わない（直前は「⑫」）→ 本文として扱った: ④ 名
注意: p.664: 番号「⑤」が並びに合わない（直前は「⑫」）→ 本文として扱った: ⑤ 新規入院患者における重症者の割合 ④／③ ％
注意: p.664: 番号「⑥」が並びに合わない（直前は「⑫」）→ 本文として扱った: ⑥ 名
注意: p.664: 番号「⑦」が並びに合わない（直前は「⑫」）→ 本文として扱った: ⑦ 名
注意: p.664: 番号「⑧」が並びに合わない（直前は「⑫」）→ 本文として扱った: ⑧ ％
注意: p.664: 番号「⑦」が並びに合わない（直前は「⑫」）→ 本文として扱った: ⑦／⑥
注意: p.666: 番号「①」が並びに合わない（直前は「⑫」）→ 本文として扱った: ① １年間の総退院患者数
注意: p.666: 番号「②」が並びに合わない（直前は「⑫」）→ 本文として扱った: ② ①のうち、入院時に日常生活機能評価
注意: p.666: 番号「③」が並びに合わない（直前は「⑫」）→ 本文として扱った: ③ ②のうち退院時（転院時を含む。）に
注意: p.666: 番号「④」が並びに合わない（直前は「⑫」）→ 本文として扱った: ④ 重症患者回復率（③/②） ％
注意: p.666: 番号「⑤」が並びに合わない（直前は「⑫」）→ 本文として扱った: ⑤ 在宅復帰率 ％
注意: p.666: 番号「①」が並びに合わない（直前は「⑫」）→ 本文として扱った: ① １年間の総退院患者数
注意: p.666: 番号「②」が並びに合わない（直前は「⑫」）→ 本文として扱った: ② ①のうち、入院時に日常生活機能評価
注意: p.666: 番号「③」が並びに合わない（直前は「⑫」）→ 本文として扱った: ③ ②のうち退院時（転院時を含む。）に
注意: p.666: 番号「④」が並びに合わない（直前は「⑫」）→ 本文として扱った: ④ 重症患者回復率（③/②） ％
注意: p.666: 番号「⑤」が並びに合わない（直前は「⑫」）→ 本文として扱った: ⑤ 在宅復帰率 ％
注意: p.667: 番号「①」が並びに合わない（直前は「⑫」）→ 本文として扱った: ① 日
注意: p.667: 番号「②」が並びに合わない（直前は「⑫」）→ 本文として扱った: ② 単位
注意: p.667: 番号「③」が並びに合わない（直前は「⑫」）→ 本文として扱った: ③ １日当たりリハビリテーション提供単位数（②/①）※２単位
注意: p.668: 番号「①」が並びに合わない（直前は「⑫」）→ 本文として扱った: ① 復期リハビリテーションを要する状態の患者の休日又は休日以
注意: p.668: 番号「②」が並びに合わない（直前は「⑫」）→ 本文として扱った: ② ションの休日・休日以外別総単位数 単位 単位
注意: p.668: 番号「③」が並びに合わない（直前は「⑫」）→ 本文として扱った: ③ １日当たりリハビリテーション提供単位数（②/①） 単位 
注意: p.669: 番号「①」が並びに合わない（直前は「⑫」）→ 本文として扱った: ① 当該病棟の入院患者延べ数(算出期間（1か月） 年 月）
注意: p.669: 番号「②」が並びに合わない（直前は「⑫」）→ 本文として扱った: ② ①のうち認知症等の患者の延べ数
注意: p.669: 番号「③」が並びに合わない（直前は「⑫」）→ 本文として扱った: ③ 直近６月間における退院患者数（※）
注意: p.669: 番号「④」が並びに合わない（直前は「⑫」）→ 本文として扱った: ④ 直近６月間における転棟患者数（※）
注意: p.670: 番号「⑤」が並びに合わない（直前は「⑫」）→ 本文として扱った: ⑤ 直近３月間における当該病棟の入院患者数
注意: p.670: 番号「⑥」が並びに合わない（直前は「⑫」）→ 本文として扱った: ⑥ ⑤のうち自宅又は有料老人ホーム等から
注意: p.671: 番号「⑨」が並びに合わない（直前は「⑫」）→ 本文として扱った: ⑨ 直近３月間における当該病棟の
注意: p.673: 番号「①」が並びに合わない（直前は「⑫」）→ 本文として扱った: ① 当該病棟の入院患者延べ数(算出期間（1か月） 年 月）
注意: p.673: 番号「②」が並びに合わない（直前は「⑫」）→ 本文として扱った: ② ①のうち認知症等の患者の延べ数
注意: p.673: 番号「④」が並びに合わない（直前は「⑫」）→ 本文として扱った: ④ 直近６月間における転棟患者数（※）
注意: p.674: 番号「⑤」が並びに合わない（直前は「⑫」）→ 本文として扱った: ⑤ 直近３月間における当該病棟の入院患者数
注意: p.676: 番号「①」が並びに合わない（直前は「⑫」）→ 本文として扱った: ① 直近３ヶ月間に疾患別リハビリテーション等を提供した患者数
注意: p.676: 番号「②」が並びに合わない（直前は「⑫」）→ 本文として扱った: ② 直近３ヶ月間における上記患者における当該病室又は病棟の入
注意: p.676: 番号「③」が並びに合わない（直前は「⑫」）→ 本文として扱った: ③ 単位
注意: p.676: 番号「④」が並びに合わない（直前は「⑫」）→ 本文として扱った: ④ １日当たりリハビリテーション提供単位数（③/②） 単位
注意: p.679: 番号「ア」が並びに合わない（直前は「ツ」）→ 本文として扱った: ア 日本医療機能評価機構等が行う医療機能評価
注意: p.679: 番号「イ」が並びに合わない（直前は「ツ」）→ 本文として扱った: イ がん診療の拠点となる病院 ウ ア、イに準じる病院
注意: p.679: 番号「ア」が並びに合わない（直前は「ツ」）→ 本文として扱った: ア 患者等が文書又は口頭で入院の意思表示を行っ
注意: p.679: 番号「イ」が並びに合わない（直前は「ツ」）→ 本文として扱った: イ 退院患者のうち、転院、転棟又は死亡のため退院
注意: p.681: 番号「②」が並びに合わない（直前は「⑫」）→ 本文として扱った: ② 新規患者（措置入院患者、鑑定 ③ 新規患者（措置入院患者
注意: p.681: 番号「①」が並びに合わない（直前は「⑫」）→ 本文として扱った: ①
注意: p.681: 番号「②」が並びに合わない（直前は「⑫」）→ 本文として扱った: ②／(②＋③)＝ （ア）（ ）
注意: p.681: 番号「⑤」が並びに合わない（直前は「⑫」）→ 本文として扱った: ⑤ ３月前の延べ新規入院患者数（措置入院患者、鑑定入院患者、
注意: p.681: 番号「④」が並びに合わない（直前は「⑫」）→ 本文として扱った: ④
注意: p.681: 番号「⑥」が並びに合わない（直前は「⑫」）→ 本文として扱った: ⑥ 上記の患者のうち、３月以内に退院し自宅等へ移行※した患者
注意: p.681: 番号「⑥」が並びに合わない（直前は「⑫」）→ 本文として扱った: ⑥／⑤＝ （イ）（ ）
注意: p.682: 番号「①」が並びに合わない（直前は「⑫」）→ 本文として扱った: ① 当該病院における精神科救急急性期医療入院料の届出病棟数 
注意: p.682: 番号「②」が並びに合わない（直前は「⑫」）→ 本文として扱った: ② 当該病院における精神科救急急性期医療入院料の届出病床数 
注意: p.682: 番号「③」が並びに合わない（直前は「⑫」）→ 本文として扱った: ③ 当該病院における精神科救急急性期医療入院料及び精神科急性
注意: p.682: 番号「④」が並びに合わない（直前は「⑫」）→ 本文として扱った: ④ 当該病院の精神疾患に係る時間外・休日・深夜の入院件数又 
注意: p.682: 番号「⑤」が並びに合わない（直前は「⑫」）→ 本文として扱った: ⑤ ④のうち、精神科救急情報センター、精神医療相談窓口、 ⑤
注意: p.682: 番号「⑤」が並びに合わない（直前は「⑫」）→ 本文として扱った: ⑤ ⑥ 精神科救急情報センター 件 ⑦ 精神医療相談窓口 件
注意: p.683: 番号「⑭」が並びに合わない（直前は「⑫」）→ 本文として扱った: ⑭ 当該入院料を算定する全病棟の新規患者数 人
注意: p.683: 番号「⑮」が並びに合わない（直前は「⑫」）→ 本文として扱った: ⑮ 措置入院 人 ⑯ 緊急措置入院 人
注意: p.683: 番号「⑱」が並びに合わない（直前は「⑫」）→ 本文として扱った: ⑱ 応急入院 人
注意: p.683: 番号「⑰」が並びに合わない（直前は「⑫」）→ 本文として扱った: ⑰ 医療保護入院 人
注意: p.683: 番号「⑲」が並びに合わない（直前は「⑫」）→ 本文として扱った: ⑲ 鑑定入院 人 ⑳ 医療観察法入院 人
注意: p.683: 番号「㉑」が並びに合わない（直前は「⑫」）→ 本文として扱った: ㉑ 当該病院の所在する都道府県等における措置入院、
注意: p.683: 番号「⑭」が並びに合わない（直前は「⑫」）→ 本文として扱った: ⑭ ％（≧６割） ㉑ ％（≧２割５分）
注意: p.683: 番号「⑮」が並びに合わない（直前は「⑫」）→ 本文として扱った: ⑮＋⑯＋⑱
注意: p.684: 番号「①」が並びに合わない（直前は「⑫」）→ 本文として扱った: ① ①÷届出病棟数
注意: p.684: 番号「①」が並びに合わない（直前は「⑫」）→ 本文として扱った: ① 当該病院の精神疾患に係る時間外・休 （ ） （ ） □(
注意: p.684: 番号「②」が並びに合わない（直前は「⑫」）→ 本文として扱った: ② ①のうち、精神科救急情報センター、 ② ②÷届出病棟数
注意: p.684: 番号「③」が並びに合わない（直前は「⑫」）→ 本文として扱った: ③ 精神科救急情報センタ
注意: p.684: 番号「⑤」が並びに合わない（直前は「⑫」）→ 本文として扱った: ⑤ 救急医療情報センター 件 ⑥ 他の医療機関 件
注意: p.684: 番号「②」が並びに合わない（直前は「⑫」）→ 本文として扱った: ②の
注意: p.684: 番号「⑦」が並びに合わない（直前は「⑫」）→ 本文として扱った: ⑦ 都道府県・市町村 件 ⑧ 保健所 件
注意: p.684: 番号「⑨」が並びに合わない（直前は「⑫」）→ 本文として扱った: ⑨ 警察 件 ⑩ 消防（救急車） 件
注意: p.686: 番号「①」が並びに合わない（直前は「⑫」）→ 本文として扱った: ① 当該病院の精神疾患にかかる時間外・休日・深夜の入院患者数
注意: p.686: 番号「②」が並びに合わない（直前は「⑫」）→ 本文として扱った: ② 当該病棟の新規患者数 人
注意: p.686: 番号「③」が並びに合わない（直前は「⑫」）→ 本文として扱った: ③ 措置入院 人 ④ 緊急措置入院 人
注意: p.686: 番号「⑤」が並びに合わない（直前は「⑫」）→ 本文として扱った: ⑤ 医療保護入院 人 ⑥ 応急入院 人
注意: p.686: 番号「⑦」が並びに合わない（直前は「⑫」）→ 本文として扱った: ⑦ 鑑定入院 人 ⑧ 医療観察法入院 人
注意: p.686: 番号「⑨」が並びに合わない（直前は「⑫」）→ 本文として扱った: ⑨ 合併症ユニットへ入院する身体疾患を有する精
注意: p.686: 番号「⑩」が並びに合わない（直前は「⑫」）→ 本文として扱った: ⑩ 当該病院の所在する都道府県等における措置入院、
注意: p.686: 番号「③」が並びに合わない（直前は「⑫」）→ 本文として扱った: ③＋④＋⑤＋⑥＋⑦＋⑧＋⑨ ③＋④＋⑥
注意: p.686: 番号「②」が並びに合わない（直前は「⑫」）→ 本文として扱った: ② ％ ⑩ ％
注意: p.686: 番号「⑪」が並びに合わない（直前は「⑫」）→ 本文として扱った: ⑪合併症ユニットに入院する身体合併
注意: p.687: 番号「①」が並びに合わない（直前は「⑫」）→ 本文として扱った: ① 当該保険医療機関の時間外、休日又は深夜における入院件数 
注意: p.687: 番号「①」が並びに合わない（直前は「⑫」）→ 本文として扱った: ①のうち、精神科救急情報センター、精神医療相談窓口、救急医療
注意: p.687: 番号「②」が並びに合わない（直前は「⑫」）→ 本文として扱った: ② 当該保険医療機関の時間外、休日又は深夜における外来対応件
注意: p.687: 番号「②」が並びに合わない（直前は「⑫」）→ 本文として扱った: ②のうち、精神科救急情報センター、精神医療相談窓口、救急医療
注意: p.687: 番号「③」が並びに合わない（直前は「⑫」）→ 本文として扱った: ③ 当該保険医療機関の常勤の精神保健指定医が、他医療機関で時
注意: p.687: 番号「④」が並びに合わない（直前は「⑫」）→ 本文として扱った: ④ 当該保険医療機関の常勤の精神保健指定医が、都道府県等に協
注意: p.691: 番号「②」が並びに合わない（直前は「⑫」）→ 本文として扱った: ② ①のうち当該加算の
注意: p.695: 番号「ア」が並びに合わない（直前は「ツ」）→ 本文として扱った: ア 直近１ヶ月間の精神病棟の平均入院患者数 人
注意: p.695: 番号「イ」が並びに合わない（直前は「ツ」）→ 本文として扱った: イ 直近１年間の精神病棟の平均入院患者数 人
注意: p.695: 番号「ウ」が並びに合わない（直前は「ツ」）→ 本文として扱った: ウ 精神病床の許可病床数 床
注意: p.695: 番号「オ」が並びに合わない（直前は「ツ」）→ 本文として扱った: オ １年以上の入院患者のうち、届出病棟から自宅等に退院
注意: p.695: 番号「カ」が並びに合わない（直前は「ツ」）→ 本文として扱った: カ 地域移行機能強化病棟入院料の届出病床数 床
注意: p.695: 番号「キ」が並びに合わない（直前は「ツ」）→ 本文として扱った: キ オ÷カ×100 （％） ％
注意: p.696: 番号「①」が並びに合わない（直前は「⑫」）→ 本文として扱った: ① 当該保険医療機関の時間外、休日又は深夜における入院件数 
注意: p.696: 番号「①」が並びに合わない（直前は「⑫」）→ 本文として扱った: ①のうち、精神科救急情報センター、精神医療相談窓口、救急医療
注意: p.696: 番号「②」が並びに合わない（直前は「⑫」）→ 本文として扱った: ② 当該保険医療機関の時間外、休日又は深夜における外来対応件
注意: p.696: 番号「②」が並びに合わない（直前は「⑫」）→ 本文として扱った: ②のうち、精神科救急情報センター、精神医療相談窓口、救急医療
注意: p.696: 番号「③」が並びに合わない（直前は「⑫」）→ 本文として扱った: ③ 当該保険医療機関の常勤の精神保健指定医が、他医療機関で時
注意: p.696: 番号「④」が並びに合わない（直前は「⑫」）→ 本文として扱った: ④ 当該保険医療機関の常勤の精神保健指定医が、都道府県等に協
注意: p.697: 番号「①」が並びに合わない（直前は「⑫」）→ 本文として扱った: ① 当該保険医療機関の時間外、休日又は深夜における入院件数 
注意: p.697: 番号「①」が並びに合わない（直前は「⑫」）→ 本文として扱った: ①のうち、精神科救急情報センター、精神医療相談窓口、救急医療
注意: p.697: 番号「②」が並びに合わない（直前は「⑫」）→ 本文として扱った: ② 当該保険医療機関の時間外、休日又は深夜における外来対応件
注意: p.697: 番号「②」が並びに合わない（直前は「⑫」）→ 本文として扱った: ②のうち、精神科救急情報センター、精神医療相談窓口、救急医療
注意: p.698: 番号「①」が並びに合わない（直前は「⑫」）→ 本文として扱った: ① 措置入院及び緊急措置入院時の診察 回
注意: p.698: 番号「②」が並びに合わない（直前は「⑫」）→ 本文として扱った: ② 医療保護入院および応急入院のための移送時の診察 回
注意: p.698: 番号「④」が並びに合わない（直前は「⑫」）→ 本文として扱った: ④ 精神科病院への立ち入り検査での診察 回
注意: p.698: 番号「⑤」が並びに合わない（直前は「⑫」）→ 本文として扱った: ⑤ その他都道府県の依頼による公務員としての業務 回
